--
-- PostgreSQL database dump
--

-- Dumped from database version 17.4
-- Dumped by pg_dump version 17.4

-- Started on 2025-04-28 11:06:10

SET statement_timeout = 0;
SET lock_timeout = 0;
SET idle_in_transaction_session_timeout = 0;
SET transaction_timeout = 0;
SET client_encoding = 'UTF8';
SET standard_conforming_strings = on;
SELECT pg_catalog.set_config('search_path', '', false);
SET check_function_bodies = false;
SET xmloption = content;
SET client_min_messages = warning;
SET row_security = off;

--
-- TOC entry 4927 (class 0 OID 16530)
-- Dependencies: 221
-- Data for Name: Country; Type: TABLE DATA; Schema: public; Owner: postgres
--

COPY public."Country" ("ID_Country", "Name", "Region") FROM stdin;
1	Aruba	Latin America & Caribbean
2	Afghanistan	South Asia
3	Angola	Sub-Saharan Africa
4	Albania	Europe & Central Asia
5	Andorra	Europe & Central Asia
6	United Arab Emirates	Middle East & North Africa
7	Argentina	Latin America & Caribbean
8	Armenia	Europe & Central Asia
9	American Samoa	East Asia & Pacific
10	Antigua and Barbuda	Latin America & Caribbean
11	Australia	East Asia & Pacific
12	Austria	Europe & Central Asia
13	Azerbaijan	Europe & Central Asia
14	Burundi	Sub-Saharan Africa
15	Belgium	Europe & Central Asia
16	Benin	Sub-Saharan Africa
17	Burkina Faso	Sub-Saharan Africa
18	Bangladesh	South Asia
19	Bulgaria	Europe & Central Asia
20	Bahrain	Middle East & North Africa
21	Bahamas, The	Latin America & Caribbean
22	Bosnia and Herzegovina	Europe & Central Asia
23	Belarus	Europe & Central Asia
24	Belize	Latin America & Caribbean
25	Bermuda	North America
26	Bolivia	Latin America & Caribbean
27	Brazil	Latin America & Caribbean
28	Barbados	Latin America & Caribbean
29	Brunei Darussalam	East Asia & Pacific
30	Bhutan	South Asia
31	Botswana	Sub-Saharan Africa
32	Central African Republic	Sub-Saharan Africa
33	Canada	North America
34	Switzerland	Europe & Central Asia
35	Channel Islands	Europe & Central Asia
36	Chile	Latin America & Caribbean
37	China	East Asia & Pacific
38	Côte d'Ivoire	Sub-Saharan Africa
39	Cameroon	Sub-Saharan Africa
40	Congo, Dem. Rep.	Sub-Saharan Africa
41	Congo, Rep.	Sub-Saharan Africa
42	Colombia	Latin America & Caribbean
43	Comoros	Sub-Saharan Africa
44	Cabo Verde	Sub-Saharan Africa
45	Costa Rica	Latin America & Caribbean
46	Cuba	Latin America & Caribbean
47	Curaçao	Latin America & Caribbean
48	Cayman Islands	Latin America & Caribbean
49	Cyprus	Europe & Central Asia
50	Czechia	Europe & Central Asia
51	Germany	Europe & Central Asia
52	Djibouti	Middle East & North Africa
53	Dominica	Latin America & Caribbean
54	Denmark	Europe & Central Asia
55	Dominican Republic	Latin America & Caribbean
56	Algeria	Middle East & North Africa
57	Ecuador	Latin America & Caribbean
58	Egypt, Arab Rep.	Middle East & North Africa
59	Eritrea	Sub-Saharan Africa
60	Spain	Europe & Central Asia
61	Estonia	Europe & Central Asia
62	Ethiopia	Sub-Saharan Africa
63	Finland	Europe & Central Asia
64	Fiji	East Asia & Pacific
65	France	Europe & Central Asia
66	Faroe Islands	Europe & Central Asia
67	Micronesia, Fed. Sts.	East Asia & Pacific
68	Gabon	Sub-Saharan Africa
69	United Kingdom	Europe & Central Asia
70	Georgia	Europe & Central Asia
71	Ghana	Sub-Saharan Africa
72	Gibraltar	Europe & Central Asia
73	Guinea	Sub-Saharan Africa
74	Gambia, The	Sub-Saharan Africa
75	Guinea-Bissau	Sub-Saharan Africa
76	Equatorial Guinea	Sub-Saharan Africa
77	Greece	Europe & Central Asia
78	Grenada	Latin America & Caribbean
79	Greenland	Europe & Central Asia
80	Guatemala	Latin America & Caribbean
81	Guam	East Asia & Pacific
82	Guyana	Latin America & Caribbean
83	Hong Kong SAR, China	East Asia & Pacific
84	Honduras	Latin America & Caribbean
85	Croatia	Europe & Central Asia
86	Haiti	Latin America & Caribbean
87	Hungary	Europe & Central Asia
88	Indonesia	East Asia & Pacific
89	Isle of Man	Europe & Central Asia
90	India	South Asia
91	Ireland	Europe & Central Asia
92	Iran, Islamic Rep.	Middle East & North Africa
93	Iraq	Middle East & North Africa
94	Iceland	Europe & Central Asia
95	Israel	Middle East & North Africa
96	Italy	Europe & Central Asia
97	Jamaica	Latin America & Caribbean
98	Jordan	Middle East & North Africa
99	Japan	East Asia & Pacific
100	Kazakhstan	Europe & Central Asia
101	Kenya	Sub-Saharan Africa
102	Kyrgyz Republic	Europe & Central Asia
103	Cambodia	East Asia & Pacific
104	Kiribati	East Asia & Pacific
105	St. Kitts and Nevis	Latin America & Caribbean
106	Korea, Rep.	East Asia & Pacific
107	Kuwait	Middle East & North Africa
108	Lao PDR	East Asia & Pacific
109	Lebanon	Middle East & North Africa
110	Liberia	Sub-Saharan Africa
111	Libya	Middle East & North Africa
112	St. Lucia	Latin America & Caribbean
113	Liechtenstein	Europe & Central Asia
114	Sri Lanka	South Asia
115	Lesotho	Sub-Saharan Africa
116	Lithuania	Europe & Central Asia
117	Luxembourg	Europe & Central Asia
118	Latvia	Europe & Central Asia
119	Macao SAR, China	East Asia & Pacific
120	St. Martin (French part)	Latin America & Caribbean
121	Morocco	Middle East & North Africa
122	Monaco	Europe & Central Asia
123	Moldova	Europe & Central Asia
124	Madagascar	Sub-Saharan Africa
125	Maldives	South Asia
126	Mexico	Latin America & Caribbean
127	Marshall Islands	East Asia & Pacific
128	North Macedonia	Europe & Central Asia
129	Mali	Sub-Saharan Africa
130	Malta	Middle East & North Africa
131	Myanmar	East Asia & Pacific
132	Montenegro	Europe & Central Asia
133	Mongolia	East Asia & Pacific
134	Northern Mariana Islands	East Asia & Pacific
135	Mozambique	Sub-Saharan Africa
136	Mauritania	Sub-Saharan Africa
137	Mauritius	Sub-Saharan Africa
138	Malawi	Sub-Saharan Africa
139	Malaysia	East Asia & Pacific
140	Namibia	Sub-Saharan Africa
141	New Caledonia	East Asia & Pacific
142	Niger	Sub-Saharan Africa
143	Nigeria	Sub-Saharan Africa
144	Nicaragua	Latin America & Caribbean
145	Netherlands	Europe & Central Asia
146	Norway	Europe & Central Asia
147	Nepal	South Asia
148	Nauru	East Asia & Pacific
149	New Zealand	East Asia & Pacific
150	Oman	Middle East & North Africa
151	Pakistan	South Asia
152	Panama	Latin America & Caribbean
153	Peru	Latin America & Caribbean
154	Philippines	East Asia & Pacific
155	Palau	East Asia & Pacific
156	Papua New Guinea	East Asia & Pacific
157	Poland	Europe & Central Asia
158	Puerto Rico	Latin America & Caribbean
159	Korea, Dem. People's Rep.	East Asia & Pacific
160	Portugal	Europe & Central Asia
161	Paraguay	Latin America & Caribbean
162	West Bank and Gaza	Middle East & North Africa
163	French Polynesia	East Asia & Pacific
164	Qatar	Middle East & North Africa
165	Romania	Europe & Central Asia
166	Russian Federation	Europe & Central Asia
167	Rwanda	Sub-Saharan Africa
168	Saudi Arabia	Middle East & North Africa
169	Sudan	Sub-Saharan Africa
170	Senegal	Sub-Saharan Africa
171	Singapore	East Asia & Pacific
172	Solomon Islands	East Asia & Pacific
173	Sierra Leone	Sub-Saharan Africa
174	El Salvador	Latin America & Caribbean
175	San Marino	Europe & Central Asia
176	Somalia	Sub-Saharan Africa
177	Serbia	Europe & Central Asia
178	South Sudan	Sub-Saharan Africa
179	São Tomé and Principe	Sub-Saharan Africa
180	Suriname	Latin America & Caribbean
181	Slovak Republic	Europe & Central Asia
182	Slovenia	Europe & Central Asia
183	Sweden	Europe & Central Asia
184	Eswatini	Sub-Saharan Africa
185	Sint Maarten (Dutch part)	Latin America & Caribbean
186	Seychelles	Sub-Saharan Africa
187	Syrian Arab Republic	Middle East & North Africa
188	Turks and Caicos Islands	Latin America & Caribbean
189	Chad	Sub-Saharan Africa
190	Togo	Sub-Saharan Africa
191	Thailand	East Asia & Pacific
192	Tajikistan	Europe & Central Asia
193	Turkmenistan	Europe & Central Asia
194	Timor-Leste	East Asia & Pacific
195	Tonga	East Asia & Pacific
196	Trinidad and Tobago	Latin America & Caribbean
197	Tunisia	Middle East & North Africa
198	Türkiye	Europe & Central Asia
199	Tuvalu	East Asia & Pacific
200	Tanzania	Sub-Saharan Africa
201	Uganda	Sub-Saharan Africa
202	Ukraine	Europe & Central Asia
203	Uruguay	Latin America & Caribbean
204	United States	North America
205	Uzbekistan	Europe & Central Asia
206	St. Vincent and the Grenadines	Latin America & Caribbean
207	Venezuela, RB	Latin America & Caribbean
208	British Virgin Islands	Latin America & Caribbean
209	Virgin Islands (U.S.)	Latin America & Caribbean
210	Viet Nam	East Asia & Pacific
211	Vanuatu	East Asia & Pacific
212	Samoa	East Asia & Pacific
213	Kosovo	Europe & Central Asia
214	Yemen, Rep.	Middle East & North Africa
215	South Africa	Sub-Saharan Africa
216	Zambia	Sub-Saharan Africa
217	Zimbabwe	Sub-Saharan Africa
\.


--
-- TOC entry 4932 (class 0 OID 16555)
-- Dependencies: 226
-- Data for Name: Country_Power Source; Type: TABLE DATA; Schema: public; Owner: postgres
--

COPY public."Country_Power Source" ("Country_ID_Country", "Power Source_ID_Power", "Year_ID_year") FROM stdin;
\.


--
-- TOC entry 4934 (class 0 OID 16561)
-- Dependencies: 228
-- Data for Name: Country_Year; Type: TABLE DATA; Schema: public; Owner: postgres
--

COPY public."Country_Year" ("Country_ID_Country", "Year_ID_year", "GDP_ID", "IDH_ID", "Enviromental_ID", "ConsumePower_ID", "Power Generation") FROM stdin;
1	1	\N	\N	\N	\N	\N
1	2	\N	\N	\N	\N	\N
1	3	\N	\N	\N	\N	\N
1	4	\N	\N	\N	\N	\N
1	5	\N	\N	\N	\N	\N
1	6	\N	\N	\N	\N	\N
1	7	\N	\N	\N	\N	\N
1	8	\N	\N	\N	\N	\N
1	9	\N	\N	\N	\N	\N
1	10	\N	\N	\N	\N	\N
1	11	\N	\N	\N	\N	\N
1	12	\N	\N	\N	\N	\N
1	13	\N	\N	\N	\N	\N
1	14	\N	\N	\N	\N	\N
1	15	\N	\N	\N	\N	\N
1	16	\N	\N	\N	\N	\N
1	17	\N	\N	\N	\N	\N
1	18	\N	\N	\N	\N	\N
1	19	\N	\N	\N	\N	\N
1	20	\N	\N	\N	\N	\N
1	21	\N	\N	\N	\N	\N
1	22	\N	\N	\N	\N	\N
1	23	\N	\N	\N	\N	\N
1	24	\N	\N	\N	\N	\N
1	25	\N	\N	\N	\N	\N
1	26	\N	\N	\N	\N	\N
2	1	\N	\N	\N	\N	\N
2	2	\N	\N	\N	\N	\N
2	3	\N	\N	\N	\N	\N
2	4	\N	\N	\N	\N	\N
2	5	\N	\N	\N	\N	\N
2	6	\N	\N	\N	\N	\N
2	7	\N	\N	\N	\N	\N
2	8	\N	\N	\N	\N	\N
2	9	\N	\N	\N	\N	\N
2	10	\N	\N	\N	\N	\N
2	11	\N	\N	\N	\N	\N
2	12	\N	\N	\N	\N	\N
2	13	\N	\N	\N	\N	\N
2	14	\N	\N	\N	\N	\N
2	15	\N	\N	\N	\N	\N
2	16	\N	\N	\N	\N	\N
2	17	\N	\N	\N	\N	\N
2	18	\N	\N	\N	\N	\N
2	19	\N	\N	\N	\N	\N
2	20	\N	\N	\N	\N	\N
2	21	\N	\N	\N	\N	\N
2	22	\N	\N	\N	\N	\N
2	23	\N	\N	\N	\N	\N
2	24	\N	\N	\N	\N	\N
2	25	\N	\N	\N	\N	\N
2	26	\N	\N	\N	\N	\N
3	1	\N	\N	\N	\N	\N
3	2	\N	\N	\N	\N	\N
3	3	\N	\N	\N	\N	\N
3	4	\N	\N	\N	\N	\N
3	5	\N	\N	\N	\N	\N
3	6	\N	\N	\N	\N	\N
3	7	\N	\N	\N	\N	\N
3	8	\N	\N	\N	\N	\N
3	9	\N	\N	\N	\N	\N
3	10	\N	\N	\N	\N	\N
3	11	\N	\N	\N	\N	\N
3	12	\N	\N	\N	\N	\N
3	13	\N	\N	\N	\N	\N
3	14	\N	\N	\N	\N	\N
3	15	\N	\N	\N	\N	\N
3	16	\N	\N	\N	\N	\N
3	17	\N	\N	\N	\N	\N
3	18	\N	\N	\N	\N	\N
3	19	\N	\N	\N	\N	\N
3	20	\N	\N	\N	\N	\N
3	21	\N	\N	\N	\N	\N
3	22	\N	\N	\N	\N	\N
3	23	\N	\N	\N	\N	\N
3	24	\N	\N	\N	\N	\N
3	25	\N	\N	\N	\N	\N
3	26	\N	\N	\N	\N	\N
4	1	\N	\N	\N	\N	\N
4	2	\N	\N	\N	\N	\N
4	3	\N	\N	\N	\N	\N
4	4	\N	\N	\N	\N	\N
4	5	\N	\N	\N	\N	\N
4	6	\N	\N	\N	\N	\N
4	7	\N	\N	\N	\N	\N
4	8	\N	\N	\N	\N	\N
4	9	\N	\N	\N	\N	\N
4	10	\N	\N	\N	\N	\N
4	11	\N	\N	\N	\N	\N
4	12	\N	\N	\N	\N	\N
4	13	\N	\N	\N	\N	\N
4	14	\N	\N	\N	\N	\N
4	15	\N	\N	\N	\N	\N
4	16	\N	\N	\N	\N	\N
4	17	\N	\N	\N	\N	\N
4	18	\N	\N	\N	\N	\N
4	19	\N	\N	\N	\N	\N
4	20	\N	\N	\N	\N	\N
4	21	\N	\N	\N	\N	\N
4	22	\N	\N	\N	\N	\N
4	23	\N	\N	\N	\N	\N
4	24	\N	\N	\N	\N	\N
4	25	\N	\N	\N	\N	\N
4	26	\N	\N	\N	\N	\N
5	1	\N	\N	\N	\N	\N
5	2	\N	\N	\N	\N	\N
5	3	\N	\N	\N	\N	\N
5	4	\N	\N	\N	\N	\N
5	5	\N	\N	\N	\N	\N
5	6	\N	\N	\N	\N	\N
5	7	\N	\N	\N	\N	\N
5	8	\N	\N	\N	\N	\N
5	9	\N	\N	\N	\N	\N
5	10	\N	\N	\N	\N	\N
5	11	\N	\N	\N	\N	\N
5	12	\N	\N	\N	\N	\N
5	13	\N	\N	\N	\N	\N
5	14	\N	\N	\N	\N	\N
5	15	\N	\N	\N	\N	\N
5	16	\N	\N	\N	\N	\N
5	17	\N	\N	\N	\N	\N
5	18	\N	\N	\N	\N	\N
5	19	\N	\N	\N	\N	\N
5	20	\N	\N	\N	\N	\N
5	21	\N	\N	\N	\N	\N
5	22	\N	\N	\N	\N	\N
5	23	\N	\N	\N	\N	\N
5	24	\N	\N	\N	\N	\N
5	25	\N	\N	\N	\N	\N
5	26	\N	\N	\N	\N	\N
6	1	\N	\N	\N	\N	\N
6	2	\N	\N	\N	\N	\N
6	3	\N	\N	\N	\N	\N
6	4	\N	\N	\N	\N	\N
6	5	\N	\N	\N	\N	\N
6	6	\N	\N	\N	\N	\N
6	7	\N	\N	\N	\N	\N
6	8	\N	\N	\N	\N	\N
6	9	\N	\N	\N	\N	\N
6	10	\N	\N	\N	\N	\N
6	11	\N	\N	\N	\N	\N
6	12	\N	\N	\N	\N	\N
6	13	\N	\N	\N	\N	\N
6	14	\N	\N	\N	\N	\N
6	15	\N	\N	\N	\N	\N
6	16	\N	\N	\N	\N	\N
6	17	\N	\N	\N	\N	\N
6	18	\N	\N	\N	\N	\N
6	19	\N	\N	\N	\N	\N
6	20	\N	\N	\N	\N	\N
6	21	\N	\N	\N	\N	\N
6	22	\N	\N	\N	\N	\N
6	23	\N	\N	\N	\N	\N
6	24	\N	\N	\N	\N	\N
6	25	\N	\N	\N	\N	\N
6	26	\N	\N	\N	\N	\N
7	1	\N	\N	\N	\N	\N
7	2	\N	\N	\N	\N	\N
7	3	\N	\N	\N	\N	\N
7	4	\N	\N	\N	\N	\N
7	5	\N	\N	\N	\N	\N
7	6	\N	\N	\N	\N	\N
7	7	\N	\N	\N	\N	\N
7	8	\N	\N	\N	\N	\N
7	9	\N	\N	\N	\N	\N
7	10	\N	\N	\N	\N	\N
7	11	\N	\N	\N	\N	\N
7	12	\N	\N	\N	\N	\N
7	13	\N	\N	\N	\N	\N
7	14	\N	\N	\N	\N	\N
7	15	\N	\N	\N	\N	\N
7	16	\N	\N	\N	\N	\N
7	17	\N	\N	\N	\N	\N
7	18	\N	\N	\N	\N	\N
7	19	\N	\N	\N	\N	\N
7	20	\N	\N	\N	\N	\N
7	21	\N	\N	\N	\N	\N
7	22	\N	\N	\N	\N	\N
7	23	\N	\N	\N	\N	\N
7	24	\N	\N	\N	\N	\N
7	25	\N	\N	\N	\N	\N
7	26	\N	\N	\N	\N	\N
8	1	\N	\N	\N	\N	\N
8	2	\N	\N	\N	\N	\N
8	3	\N	\N	\N	\N	\N
8	4	\N	\N	\N	\N	\N
8	5	\N	\N	\N	\N	\N
8	6	\N	\N	\N	\N	\N
8	7	\N	\N	\N	\N	\N
8	8	\N	\N	\N	\N	\N
8	9	\N	\N	\N	\N	\N
8	10	\N	\N	\N	\N	\N
8	11	\N	\N	\N	\N	\N
8	12	\N	\N	\N	\N	\N
8	13	\N	\N	\N	\N	\N
8	14	\N	\N	\N	\N	\N
8	15	\N	\N	\N	\N	\N
8	16	\N	\N	\N	\N	\N
8	17	\N	\N	\N	\N	\N
8	18	\N	\N	\N	\N	\N
8	19	\N	\N	\N	\N	\N
8	20	\N	\N	\N	\N	\N
8	21	\N	\N	\N	\N	\N
8	22	\N	\N	\N	\N	\N
8	23	\N	\N	\N	\N	\N
8	24	\N	\N	\N	\N	\N
8	25	\N	\N	\N	\N	\N
8	26	\N	\N	\N	\N	\N
9	1	\N	\N	\N	\N	\N
9	2	\N	\N	\N	\N	\N
9	3	\N	\N	\N	\N	\N
9	4	\N	\N	\N	\N	\N
9	5	\N	\N	\N	\N	\N
9	6	\N	\N	\N	\N	\N
9	7	\N	\N	\N	\N	\N
9	8	\N	\N	\N	\N	\N
9	9	\N	\N	\N	\N	\N
9	10	\N	\N	\N	\N	\N
9	11	\N	\N	\N	\N	\N
9	12	\N	\N	\N	\N	\N
9	13	\N	\N	\N	\N	\N
9	14	\N	\N	\N	\N	\N
9	15	\N	\N	\N	\N	\N
9	16	\N	\N	\N	\N	\N
9	17	\N	\N	\N	\N	\N
9	18	\N	\N	\N	\N	\N
9	19	\N	\N	\N	\N	\N
9	20	\N	\N	\N	\N	\N
9	21	\N	\N	\N	\N	\N
9	22	\N	\N	\N	\N	\N
9	23	\N	\N	\N	\N	\N
9	24	\N	\N	\N	\N	\N
9	25	\N	\N	\N	\N	\N
9	26	\N	\N	\N	\N	\N
10	1	\N	\N	\N	\N	\N
10	2	\N	\N	\N	\N	\N
10	3	\N	\N	\N	\N	\N
10	4	\N	\N	\N	\N	\N
10	5	\N	\N	\N	\N	\N
10	6	\N	\N	\N	\N	\N
10	7	\N	\N	\N	\N	\N
10	8	\N	\N	\N	\N	\N
10	9	\N	\N	\N	\N	\N
10	10	\N	\N	\N	\N	\N
10	11	\N	\N	\N	\N	\N
10	12	\N	\N	\N	\N	\N
10	13	\N	\N	\N	\N	\N
10	14	\N	\N	\N	\N	\N
10	15	\N	\N	\N	\N	\N
10	16	\N	\N	\N	\N	\N
10	17	\N	\N	\N	\N	\N
10	18	\N	\N	\N	\N	\N
10	19	\N	\N	\N	\N	\N
10	20	\N	\N	\N	\N	\N
10	21	\N	\N	\N	\N	\N
10	22	\N	\N	\N	\N	\N
10	23	\N	\N	\N	\N	\N
10	24	\N	\N	\N	\N	\N
10	25	\N	\N	\N	\N	\N
10	26	\N	\N	\N	\N	\N
11	1	\N	\N	\N	\N	\N
11	2	\N	\N	\N	\N	\N
11	3	\N	\N	\N	\N	\N
11	4	\N	\N	\N	\N	\N
11	5	\N	\N	\N	\N	\N
11	6	\N	\N	\N	\N	\N
11	7	\N	\N	\N	\N	\N
11	8	\N	\N	\N	\N	\N
11	9	\N	\N	\N	\N	\N
11	10	\N	\N	\N	\N	\N
11	11	\N	\N	\N	\N	\N
11	12	\N	\N	\N	\N	\N
11	13	\N	\N	\N	\N	\N
11	14	\N	\N	\N	\N	\N
11	15	\N	\N	\N	\N	\N
11	16	\N	\N	\N	\N	\N
11	17	\N	\N	\N	\N	\N
11	18	\N	\N	\N	\N	\N
11	19	\N	\N	\N	\N	\N
11	20	\N	\N	\N	\N	\N
11	21	\N	\N	\N	\N	\N
11	22	\N	\N	\N	\N	\N
11	23	\N	\N	\N	\N	\N
11	24	\N	\N	\N	\N	\N
11	25	\N	\N	\N	\N	\N
11	26	\N	\N	\N	\N	\N
12	1	\N	\N	\N	\N	\N
12	2	\N	\N	\N	\N	\N
12	3	\N	\N	\N	\N	\N
12	4	\N	\N	\N	\N	\N
12	5	\N	\N	\N	\N	\N
12	6	\N	\N	\N	\N	\N
12	7	\N	\N	\N	\N	\N
12	8	\N	\N	\N	\N	\N
12	9	\N	\N	\N	\N	\N
12	10	\N	\N	\N	\N	\N
12	11	\N	\N	\N	\N	\N
12	12	\N	\N	\N	\N	\N
12	13	\N	\N	\N	\N	\N
12	14	\N	\N	\N	\N	\N
12	15	\N	\N	\N	\N	\N
12	16	\N	\N	\N	\N	\N
12	17	\N	\N	\N	\N	\N
12	18	\N	\N	\N	\N	\N
12	19	\N	\N	\N	\N	\N
12	20	\N	\N	\N	\N	\N
12	21	\N	\N	\N	\N	\N
12	22	\N	\N	\N	\N	\N
12	23	\N	\N	\N	\N	\N
12	24	\N	\N	\N	\N	\N
12	25	\N	\N	\N	\N	\N
12	26	\N	\N	\N	\N	\N
13	1	\N	\N	\N	\N	\N
13	2	\N	\N	\N	\N	\N
13	3	\N	\N	\N	\N	\N
13	4	\N	\N	\N	\N	\N
13	5	\N	\N	\N	\N	\N
13	6	\N	\N	\N	\N	\N
13	7	\N	\N	\N	\N	\N
13	8	\N	\N	\N	\N	\N
13	9	\N	\N	\N	\N	\N
13	10	\N	\N	\N	\N	\N
13	11	\N	\N	\N	\N	\N
13	12	\N	\N	\N	\N	\N
13	13	\N	\N	\N	\N	\N
13	14	\N	\N	\N	\N	\N
13	15	\N	\N	\N	\N	\N
13	16	\N	\N	\N	\N	\N
13	17	\N	\N	\N	\N	\N
13	18	\N	\N	\N	\N	\N
13	19	\N	\N	\N	\N	\N
13	20	\N	\N	\N	\N	\N
13	21	\N	\N	\N	\N	\N
13	22	\N	\N	\N	\N	\N
13	23	\N	\N	\N	\N	\N
13	24	\N	\N	\N	\N	\N
13	25	\N	\N	\N	\N	\N
13	26	\N	\N	\N	\N	\N
14	1	\N	\N	\N	\N	\N
14	2	\N	\N	\N	\N	\N
14	3	\N	\N	\N	\N	\N
14	4	\N	\N	\N	\N	\N
14	5	\N	\N	\N	\N	\N
14	6	\N	\N	\N	\N	\N
14	7	\N	\N	\N	\N	\N
14	8	\N	\N	\N	\N	\N
14	9	\N	\N	\N	\N	\N
14	10	\N	\N	\N	\N	\N
14	11	\N	\N	\N	\N	\N
14	12	\N	\N	\N	\N	\N
14	13	\N	\N	\N	\N	\N
14	14	\N	\N	\N	\N	\N
14	15	\N	\N	\N	\N	\N
14	16	\N	\N	\N	\N	\N
14	17	\N	\N	\N	\N	\N
14	18	\N	\N	\N	\N	\N
14	19	\N	\N	\N	\N	\N
14	20	\N	\N	\N	\N	\N
14	21	\N	\N	\N	\N	\N
14	22	\N	\N	\N	\N	\N
14	23	\N	\N	\N	\N	\N
14	24	\N	\N	\N	\N	\N
14	25	\N	\N	\N	\N	\N
14	26	\N	\N	\N	\N	\N
15	1	\N	\N	\N	\N	\N
15	2	\N	\N	\N	\N	\N
15	3	\N	\N	\N	\N	\N
15	4	\N	\N	\N	\N	\N
15	5	\N	\N	\N	\N	\N
15	6	\N	\N	\N	\N	\N
15	7	\N	\N	\N	\N	\N
15	8	\N	\N	\N	\N	\N
15	9	\N	\N	\N	\N	\N
15	10	\N	\N	\N	\N	\N
15	11	\N	\N	\N	\N	\N
15	12	\N	\N	\N	\N	\N
15	13	\N	\N	\N	\N	\N
15	14	\N	\N	\N	\N	\N
15	15	\N	\N	\N	\N	\N
15	16	\N	\N	\N	\N	\N
15	17	\N	\N	\N	\N	\N
15	18	\N	\N	\N	\N	\N
15	19	\N	\N	\N	\N	\N
15	20	\N	\N	\N	\N	\N
15	21	\N	\N	\N	\N	\N
15	22	\N	\N	\N	\N	\N
15	23	\N	\N	\N	\N	\N
15	24	\N	\N	\N	\N	\N
15	25	\N	\N	\N	\N	\N
15	26	\N	\N	\N	\N	\N
16	1	\N	\N	\N	\N	\N
16	2	\N	\N	\N	\N	\N
16	3	\N	\N	\N	\N	\N
16	4	\N	\N	\N	\N	\N
16	5	\N	\N	\N	\N	\N
16	6	\N	\N	\N	\N	\N
16	7	\N	\N	\N	\N	\N
16	8	\N	\N	\N	\N	\N
16	9	\N	\N	\N	\N	\N
16	10	\N	\N	\N	\N	\N
16	11	\N	\N	\N	\N	\N
16	12	\N	\N	\N	\N	\N
16	13	\N	\N	\N	\N	\N
16	14	\N	\N	\N	\N	\N
16	15	\N	\N	\N	\N	\N
16	16	\N	\N	\N	\N	\N
16	17	\N	\N	\N	\N	\N
16	18	\N	\N	\N	\N	\N
16	19	\N	\N	\N	\N	\N
16	20	\N	\N	\N	\N	\N
16	21	\N	\N	\N	\N	\N
16	22	\N	\N	\N	\N	\N
16	23	\N	\N	\N	\N	\N
16	24	\N	\N	\N	\N	\N
16	25	\N	\N	\N	\N	\N
16	26	\N	\N	\N	\N	\N
17	1	\N	\N	\N	\N	\N
17	2	\N	\N	\N	\N	\N
17	3	\N	\N	\N	\N	\N
17	4	\N	\N	\N	\N	\N
17	5	\N	\N	\N	\N	\N
17	6	\N	\N	\N	\N	\N
17	7	\N	\N	\N	\N	\N
17	8	\N	\N	\N	\N	\N
17	9	\N	\N	\N	\N	\N
17	10	\N	\N	\N	\N	\N
17	11	\N	\N	\N	\N	\N
17	12	\N	\N	\N	\N	\N
17	13	\N	\N	\N	\N	\N
17	14	\N	\N	\N	\N	\N
17	15	\N	\N	\N	\N	\N
17	16	\N	\N	\N	\N	\N
17	17	\N	\N	\N	\N	\N
17	18	\N	\N	\N	\N	\N
17	19	\N	\N	\N	\N	\N
17	20	\N	\N	\N	\N	\N
17	21	\N	\N	\N	\N	\N
17	22	\N	\N	\N	\N	\N
17	23	\N	\N	\N	\N	\N
17	24	\N	\N	\N	\N	\N
17	25	\N	\N	\N	\N	\N
17	26	\N	\N	\N	\N	\N
18	1	\N	\N	\N	\N	\N
18	2	\N	\N	\N	\N	\N
18	3	\N	\N	\N	\N	\N
18	4	\N	\N	\N	\N	\N
18	5	\N	\N	\N	\N	\N
18	6	\N	\N	\N	\N	\N
18	7	\N	\N	\N	\N	\N
18	8	\N	\N	\N	\N	\N
18	9	\N	\N	\N	\N	\N
18	10	\N	\N	\N	\N	\N
18	11	\N	\N	\N	\N	\N
18	12	\N	\N	\N	\N	\N
18	13	\N	\N	\N	\N	\N
18	14	\N	\N	\N	\N	\N
18	15	\N	\N	\N	\N	\N
18	16	\N	\N	\N	\N	\N
18	17	\N	\N	\N	\N	\N
18	18	\N	\N	\N	\N	\N
18	19	\N	\N	\N	\N	\N
18	20	\N	\N	\N	\N	\N
18	21	\N	\N	\N	\N	\N
18	22	\N	\N	\N	\N	\N
18	23	\N	\N	\N	\N	\N
18	24	\N	\N	\N	\N	\N
18	25	\N	\N	\N	\N	\N
18	26	\N	\N	\N	\N	\N
19	1	\N	\N	\N	\N	\N
19	2	\N	\N	\N	\N	\N
19	3	\N	\N	\N	\N	\N
19	4	\N	\N	\N	\N	\N
19	5	\N	\N	\N	\N	\N
19	6	\N	\N	\N	\N	\N
19	7	\N	\N	\N	\N	\N
19	8	\N	\N	\N	\N	\N
19	9	\N	\N	\N	\N	\N
19	10	\N	\N	\N	\N	\N
19	11	\N	\N	\N	\N	\N
19	12	\N	\N	\N	\N	\N
19	13	\N	\N	\N	\N	\N
19	14	\N	\N	\N	\N	\N
19	15	\N	\N	\N	\N	\N
19	16	\N	\N	\N	\N	\N
19	17	\N	\N	\N	\N	\N
19	18	\N	\N	\N	\N	\N
19	19	\N	\N	\N	\N	\N
19	20	\N	\N	\N	\N	\N
19	21	\N	\N	\N	\N	\N
19	22	\N	\N	\N	\N	\N
19	23	\N	\N	\N	\N	\N
19	24	\N	\N	\N	\N	\N
19	25	\N	\N	\N	\N	\N
19	26	\N	\N	\N	\N	\N
20	1	\N	\N	\N	\N	\N
20	2	\N	\N	\N	\N	\N
20	3	\N	\N	\N	\N	\N
20	4	\N	\N	\N	\N	\N
20	5	\N	\N	\N	\N	\N
20	6	\N	\N	\N	\N	\N
20	7	\N	\N	\N	\N	\N
20	8	\N	\N	\N	\N	\N
20	9	\N	\N	\N	\N	\N
20	10	\N	\N	\N	\N	\N
20	11	\N	\N	\N	\N	\N
20	12	\N	\N	\N	\N	\N
20	13	\N	\N	\N	\N	\N
20	14	\N	\N	\N	\N	\N
20	15	\N	\N	\N	\N	\N
20	16	\N	\N	\N	\N	\N
20	17	\N	\N	\N	\N	\N
20	18	\N	\N	\N	\N	\N
20	19	\N	\N	\N	\N	\N
20	20	\N	\N	\N	\N	\N
20	21	\N	\N	\N	\N	\N
20	22	\N	\N	\N	\N	\N
20	23	\N	\N	\N	\N	\N
20	24	\N	\N	\N	\N	\N
20	25	\N	\N	\N	\N	\N
20	26	\N	\N	\N	\N	\N
21	1	\N	\N	\N	\N	\N
21	2	\N	\N	\N	\N	\N
21	3	\N	\N	\N	\N	\N
21	4	\N	\N	\N	\N	\N
21	5	\N	\N	\N	\N	\N
21	6	\N	\N	\N	\N	\N
21	7	\N	\N	\N	\N	\N
21	8	\N	\N	\N	\N	\N
21	9	\N	\N	\N	\N	\N
21	10	\N	\N	\N	\N	\N
21	11	\N	\N	\N	\N	\N
21	12	\N	\N	\N	\N	\N
21	13	\N	\N	\N	\N	\N
21	14	\N	\N	\N	\N	\N
21	15	\N	\N	\N	\N	\N
21	16	\N	\N	\N	\N	\N
21	17	\N	\N	\N	\N	\N
21	18	\N	\N	\N	\N	\N
21	19	\N	\N	\N	\N	\N
21	20	\N	\N	\N	\N	\N
21	21	\N	\N	\N	\N	\N
21	22	\N	\N	\N	\N	\N
21	23	\N	\N	\N	\N	\N
21	24	\N	\N	\N	\N	\N
21	25	\N	\N	\N	\N	\N
21	26	\N	\N	\N	\N	\N
22	1	\N	\N	\N	\N	\N
22	2	\N	\N	\N	\N	\N
22	3	\N	\N	\N	\N	\N
22	4	\N	\N	\N	\N	\N
22	5	\N	\N	\N	\N	\N
22	6	\N	\N	\N	\N	\N
22	7	\N	\N	\N	\N	\N
22	8	\N	\N	\N	\N	\N
22	9	\N	\N	\N	\N	\N
22	10	\N	\N	\N	\N	\N
22	11	\N	\N	\N	\N	\N
22	12	\N	\N	\N	\N	\N
22	13	\N	\N	\N	\N	\N
22	14	\N	\N	\N	\N	\N
22	15	\N	\N	\N	\N	\N
22	16	\N	\N	\N	\N	\N
22	17	\N	\N	\N	\N	\N
22	18	\N	\N	\N	\N	\N
22	19	\N	\N	\N	\N	\N
22	20	\N	\N	\N	\N	\N
22	21	\N	\N	\N	\N	\N
22	22	\N	\N	\N	\N	\N
22	23	\N	\N	\N	\N	\N
22	24	\N	\N	\N	\N	\N
22	25	\N	\N	\N	\N	\N
22	26	\N	\N	\N	\N	\N
23	1	\N	\N	\N	\N	\N
23	2	\N	\N	\N	\N	\N
23	3	\N	\N	\N	\N	\N
23	4	\N	\N	\N	\N	\N
23	5	\N	\N	\N	\N	\N
23	6	\N	\N	\N	\N	\N
23	7	\N	\N	\N	\N	\N
23	8	\N	\N	\N	\N	\N
23	9	\N	\N	\N	\N	\N
23	10	\N	\N	\N	\N	\N
23	11	\N	\N	\N	\N	\N
23	12	\N	\N	\N	\N	\N
23	13	\N	\N	\N	\N	\N
23	14	\N	\N	\N	\N	\N
23	15	\N	\N	\N	\N	\N
23	16	\N	\N	\N	\N	\N
23	17	\N	\N	\N	\N	\N
23	18	\N	\N	\N	\N	\N
23	19	\N	\N	\N	\N	\N
23	20	\N	\N	\N	\N	\N
23	21	\N	\N	\N	\N	\N
23	22	\N	\N	\N	\N	\N
23	23	\N	\N	\N	\N	\N
23	24	\N	\N	\N	\N	\N
23	25	\N	\N	\N	\N	\N
23	26	\N	\N	\N	\N	\N
24	1	\N	\N	\N	\N	\N
24	2	\N	\N	\N	\N	\N
24	3	\N	\N	\N	\N	\N
24	4	\N	\N	\N	\N	\N
24	5	\N	\N	\N	\N	\N
24	6	\N	\N	\N	\N	\N
24	7	\N	\N	\N	\N	\N
24	8	\N	\N	\N	\N	\N
24	9	\N	\N	\N	\N	\N
24	10	\N	\N	\N	\N	\N
24	11	\N	\N	\N	\N	\N
24	12	\N	\N	\N	\N	\N
24	13	\N	\N	\N	\N	\N
24	14	\N	\N	\N	\N	\N
24	15	\N	\N	\N	\N	\N
24	16	\N	\N	\N	\N	\N
24	17	\N	\N	\N	\N	\N
24	18	\N	\N	\N	\N	\N
24	19	\N	\N	\N	\N	\N
24	20	\N	\N	\N	\N	\N
24	21	\N	\N	\N	\N	\N
24	22	\N	\N	\N	\N	\N
24	23	\N	\N	\N	\N	\N
24	24	\N	\N	\N	\N	\N
24	25	\N	\N	\N	\N	\N
24	26	\N	\N	\N	\N	\N
25	1	\N	\N	\N	\N	\N
25	2	\N	\N	\N	\N	\N
25	3	\N	\N	\N	\N	\N
25	4	\N	\N	\N	\N	\N
25	5	\N	\N	\N	\N	\N
25	6	\N	\N	\N	\N	\N
25	7	\N	\N	\N	\N	\N
25	8	\N	\N	\N	\N	\N
25	9	\N	\N	\N	\N	\N
25	10	\N	\N	\N	\N	\N
25	11	\N	\N	\N	\N	\N
25	12	\N	\N	\N	\N	\N
25	13	\N	\N	\N	\N	\N
25	14	\N	\N	\N	\N	\N
25	15	\N	\N	\N	\N	\N
25	16	\N	\N	\N	\N	\N
25	17	\N	\N	\N	\N	\N
25	18	\N	\N	\N	\N	\N
25	19	\N	\N	\N	\N	\N
25	20	\N	\N	\N	\N	\N
25	21	\N	\N	\N	\N	\N
25	22	\N	\N	\N	\N	\N
25	23	\N	\N	\N	\N	\N
25	24	\N	\N	\N	\N	\N
25	25	\N	\N	\N	\N	\N
25	26	\N	\N	\N	\N	\N
26	1	\N	\N	\N	\N	\N
26	2	\N	\N	\N	\N	\N
26	3	\N	\N	\N	\N	\N
26	4	\N	\N	\N	\N	\N
26	5	\N	\N	\N	\N	\N
26	6	\N	\N	\N	\N	\N
26	7	\N	\N	\N	\N	\N
26	8	\N	\N	\N	\N	\N
26	9	\N	\N	\N	\N	\N
26	10	\N	\N	\N	\N	\N
26	11	\N	\N	\N	\N	\N
26	12	\N	\N	\N	\N	\N
26	13	\N	\N	\N	\N	\N
26	14	\N	\N	\N	\N	\N
26	15	\N	\N	\N	\N	\N
26	16	\N	\N	\N	\N	\N
26	17	\N	\N	\N	\N	\N
26	18	\N	\N	\N	\N	\N
26	19	\N	\N	\N	\N	\N
26	20	\N	\N	\N	\N	\N
26	21	\N	\N	\N	\N	\N
26	22	\N	\N	\N	\N	\N
26	23	\N	\N	\N	\N	\N
26	24	\N	\N	\N	\N	\N
26	25	\N	\N	\N	\N	\N
26	26	\N	\N	\N	\N	\N
27	1	\N	\N	\N	\N	\N
27	2	\N	\N	\N	\N	\N
27	3	\N	\N	\N	\N	\N
27	4	\N	\N	\N	\N	\N
27	5	\N	\N	\N	\N	\N
27	6	\N	\N	\N	\N	\N
27	7	\N	\N	\N	\N	\N
27	8	\N	\N	\N	\N	\N
27	9	\N	\N	\N	\N	\N
27	10	\N	\N	\N	\N	\N
27	11	\N	\N	\N	\N	\N
27	12	\N	\N	\N	\N	\N
27	13	\N	\N	\N	\N	\N
27	14	\N	\N	\N	\N	\N
27	15	\N	\N	\N	\N	\N
27	16	\N	\N	\N	\N	\N
27	17	\N	\N	\N	\N	\N
27	18	\N	\N	\N	\N	\N
27	19	\N	\N	\N	\N	\N
27	20	\N	\N	\N	\N	\N
27	21	\N	\N	\N	\N	\N
27	22	\N	\N	\N	\N	\N
27	23	\N	\N	\N	\N	\N
27	24	\N	\N	\N	\N	\N
27	25	\N	\N	\N	\N	\N
27	26	\N	\N	\N	\N	\N
28	1	\N	\N	\N	\N	\N
28	2	\N	\N	\N	\N	\N
28	3	\N	\N	\N	\N	\N
28	4	\N	\N	\N	\N	\N
28	5	\N	\N	\N	\N	\N
28	6	\N	\N	\N	\N	\N
28	7	\N	\N	\N	\N	\N
28	8	\N	\N	\N	\N	\N
28	9	\N	\N	\N	\N	\N
28	10	\N	\N	\N	\N	\N
28	11	\N	\N	\N	\N	\N
28	12	\N	\N	\N	\N	\N
28	13	\N	\N	\N	\N	\N
28	14	\N	\N	\N	\N	\N
28	15	\N	\N	\N	\N	\N
28	16	\N	\N	\N	\N	\N
28	17	\N	\N	\N	\N	\N
28	18	\N	\N	\N	\N	\N
28	19	\N	\N	\N	\N	\N
28	20	\N	\N	\N	\N	\N
28	21	\N	\N	\N	\N	\N
28	22	\N	\N	\N	\N	\N
28	23	\N	\N	\N	\N	\N
28	24	\N	\N	\N	\N	\N
28	25	\N	\N	\N	\N	\N
28	26	\N	\N	\N	\N	\N
29	1	\N	\N	\N	\N	\N
29	2	\N	\N	\N	\N	\N
29	3	\N	\N	\N	\N	\N
29	4	\N	\N	\N	\N	\N
29	5	\N	\N	\N	\N	\N
29	6	\N	\N	\N	\N	\N
29	7	\N	\N	\N	\N	\N
29	8	\N	\N	\N	\N	\N
29	9	\N	\N	\N	\N	\N
29	10	\N	\N	\N	\N	\N
29	11	\N	\N	\N	\N	\N
29	12	\N	\N	\N	\N	\N
29	13	\N	\N	\N	\N	\N
29	14	\N	\N	\N	\N	\N
29	15	\N	\N	\N	\N	\N
29	16	\N	\N	\N	\N	\N
29	17	\N	\N	\N	\N	\N
29	18	\N	\N	\N	\N	\N
29	19	\N	\N	\N	\N	\N
29	20	\N	\N	\N	\N	\N
29	21	\N	\N	\N	\N	\N
29	22	\N	\N	\N	\N	\N
29	23	\N	\N	\N	\N	\N
29	24	\N	\N	\N	\N	\N
29	25	\N	\N	\N	\N	\N
29	26	\N	\N	\N	\N	\N
30	1	\N	\N	\N	\N	\N
30	2	\N	\N	\N	\N	\N
30	3	\N	\N	\N	\N	\N
30	4	\N	\N	\N	\N	\N
30	5	\N	\N	\N	\N	\N
30	6	\N	\N	\N	\N	\N
30	7	\N	\N	\N	\N	\N
30	8	\N	\N	\N	\N	\N
30	9	\N	\N	\N	\N	\N
30	10	\N	\N	\N	\N	\N
30	11	\N	\N	\N	\N	\N
30	12	\N	\N	\N	\N	\N
30	13	\N	\N	\N	\N	\N
30	14	\N	\N	\N	\N	\N
30	15	\N	\N	\N	\N	\N
30	16	\N	\N	\N	\N	\N
30	17	\N	\N	\N	\N	\N
30	18	\N	\N	\N	\N	\N
30	19	\N	\N	\N	\N	\N
30	20	\N	\N	\N	\N	\N
30	21	\N	\N	\N	\N	\N
30	22	\N	\N	\N	\N	\N
30	23	\N	\N	\N	\N	\N
30	24	\N	\N	\N	\N	\N
30	25	\N	\N	\N	\N	\N
30	26	\N	\N	\N	\N	\N
31	1	\N	\N	\N	\N	\N
31	2	\N	\N	\N	\N	\N
31	3	\N	\N	\N	\N	\N
31	4	\N	\N	\N	\N	\N
31	5	\N	\N	\N	\N	\N
31	6	\N	\N	\N	\N	\N
31	7	\N	\N	\N	\N	\N
31	8	\N	\N	\N	\N	\N
31	9	\N	\N	\N	\N	\N
31	10	\N	\N	\N	\N	\N
31	11	\N	\N	\N	\N	\N
31	12	\N	\N	\N	\N	\N
31	13	\N	\N	\N	\N	\N
31	14	\N	\N	\N	\N	\N
31	15	\N	\N	\N	\N	\N
31	16	\N	\N	\N	\N	\N
31	17	\N	\N	\N	\N	\N
31	18	\N	\N	\N	\N	\N
31	19	\N	\N	\N	\N	\N
31	20	\N	\N	\N	\N	\N
31	21	\N	\N	\N	\N	\N
31	22	\N	\N	\N	\N	\N
31	23	\N	\N	\N	\N	\N
31	24	\N	\N	\N	\N	\N
31	25	\N	\N	\N	\N	\N
31	26	\N	\N	\N	\N	\N
32	1	\N	\N	\N	\N	\N
32	2	\N	\N	\N	\N	\N
32	3	\N	\N	\N	\N	\N
32	4	\N	\N	\N	\N	\N
32	5	\N	\N	\N	\N	\N
32	6	\N	\N	\N	\N	\N
32	7	\N	\N	\N	\N	\N
32	8	\N	\N	\N	\N	\N
32	9	\N	\N	\N	\N	\N
32	10	\N	\N	\N	\N	\N
32	11	\N	\N	\N	\N	\N
32	12	\N	\N	\N	\N	\N
32	13	\N	\N	\N	\N	\N
32	14	\N	\N	\N	\N	\N
32	15	\N	\N	\N	\N	\N
32	16	\N	\N	\N	\N	\N
32	17	\N	\N	\N	\N	\N
32	18	\N	\N	\N	\N	\N
32	19	\N	\N	\N	\N	\N
32	20	\N	\N	\N	\N	\N
32	21	\N	\N	\N	\N	\N
32	22	\N	\N	\N	\N	\N
32	23	\N	\N	\N	\N	\N
32	24	\N	\N	\N	\N	\N
32	25	\N	\N	\N	\N	\N
32	26	\N	\N	\N	\N	\N
33	1	\N	\N	\N	\N	\N
33	2	\N	\N	\N	\N	\N
33	3	\N	\N	\N	\N	\N
33	4	\N	\N	\N	\N	\N
33	5	\N	\N	\N	\N	\N
33	6	\N	\N	\N	\N	\N
33	7	\N	\N	\N	\N	\N
33	8	\N	\N	\N	\N	\N
33	9	\N	\N	\N	\N	\N
33	10	\N	\N	\N	\N	\N
33	11	\N	\N	\N	\N	\N
33	12	\N	\N	\N	\N	\N
33	13	\N	\N	\N	\N	\N
33	14	\N	\N	\N	\N	\N
33	15	\N	\N	\N	\N	\N
33	16	\N	\N	\N	\N	\N
33	17	\N	\N	\N	\N	\N
33	18	\N	\N	\N	\N	\N
33	19	\N	\N	\N	\N	\N
33	20	\N	\N	\N	\N	\N
33	21	\N	\N	\N	\N	\N
33	22	\N	\N	\N	\N	\N
33	23	\N	\N	\N	\N	\N
33	24	\N	\N	\N	\N	\N
33	25	\N	\N	\N	\N	\N
33	26	\N	\N	\N	\N	\N
34	1	\N	\N	\N	\N	\N
34	2	\N	\N	\N	\N	\N
34	3	\N	\N	\N	\N	\N
34	4	\N	\N	\N	\N	\N
34	5	\N	\N	\N	\N	\N
34	6	\N	\N	\N	\N	\N
34	7	\N	\N	\N	\N	\N
34	8	\N	\N	\N	\N	\N
34	9	\N	\N	\N	\N	\N
34	10	\N	\N	\N	\N	\N
34	11	\N	\N	\N	\N	\N
34	12	\N	\N	\N	\N	\N
34	13	\N	\N	\N	\N	\N
34	14	\N	\N	\N	\N	\N
34	15	\N	\N	\N	\N	\N
34	16	\N	\N	\N	\N	\N
34	17	\N	\N	\N	\N	\N
34	18	\N	\N	\N	\N	\N
34	19	\N	\N	\N	\N	\N
34	20	\N	\N	\N	\N	\N
34	21	\N	\N	\N	\N	\N
34	22	\N	\N	\N	\N	\N
34	23	\N	\N	\N	\N	\N
34	24	\N	\N	\N	\N	\N
34	25	\N	\N	\N	\N	\N
34	26	\N	\N	\N	\N	\N
35	1	\N	\N	\N	\N	\N
35	2	\N	\N	\N	\N	\N
35	3	\N	\N	\N	\N	\N
35	4	\N	\N	\N	\N	\N
35	5	\N	\N	\N	\N	\N
35	6	\N	\N	\N	\N	\N
35	7	\N	\N	\N	\N	\N
35	8	\N	\N	\N	\N	\N
35	9	\N	\N	\N	\N	\N
35	10	\N	\N	\N	\N	\N
35	11	\N	\N	\N	\N	\N
35	12	\N	\N	\N	\N	\N
35	13	\N	\N	\N	\N	\N
35	14	\N	\N	\N	\N	\N
35	15	\N	\N	\N	\N	\N
35	16	\N	\N	\N	\N	\N
35	17	\N	\N	\N	\N	\N
35	18	\N	\N	\N	\N	\N
35	19	\N	\N	\N	\N	\N
35	20	\N	\N	\N	\N	\N
35	21	\N	\N	\N	\N	\N
35	22	\N	\N	\N	\N	\N
35	23	\N	\N	\N	\N	\N
35	24	\N	\N	\N	\N	\N
35	25	\N	\N	\N	\N	\N
35	26	\N	\N	\N	\N	\N
36	1	\N	\N	\N	\N	\N
36	2	\N	\N	\N	\N	\N
36	3	\N	\N	\N	\N	\N
36	4	\N	\N	\N	\N	\N
36	5	\N	\N	\N	\N	\N
36	6	\N	\N	\N	\N	\N
36	7	\N	\N	\N	\N	\N
36	8	\N	\N	\N	\N	\N
36	9	\N	\N	\N	\N	\N
36	10	\N	\N	\N	\N	\N
36	11	\N	\N	\N	\N	\N
36	12	\N	\N	\N	\N	\N
36	13	\N	\N	\N	\N	\N
36	14	\N	\N	\N	\N	\N
36	15	\N	\N	\N	\N	\N
36	16	\N	\N	\N	\N	\N
36	17	\N	\N	\N	\N	\N
36	18	\N	\N	\N	\N	\N
36	19	\N	\N	\N	\N	\N
36	20	\N	\N	\N	\N	\N
36	21	\N	\N	\N	\N	\N
36	22	\N	\N	\N	\N	\N
36	23	\N	\N	\N	\N	\N
36	24	\N	\N	\N	\N	\N
36	25	\N	\N	\N	\N	\N
36	26	\N	\N	\N	\N	\N
37	1	\N	\N	\N	\N	\N
37	2	\N	\N	\N	\N	\N
37	3	\N	\N	\N	\N	\N
37	4	\N	\N	\N	\N	\N
37	5	\N	\N	\N	\N	\N
37	6	\N	\N	\N	\N	\N
37	7	\N	\N	\N	\N	\N
37	8	\N	\N	\N	\N	\N
37	9	\N	\N	\N	\N	\N
37	10	\N	\N	\N	\N	\N
37	11	\N	\N	\N	\N	\N
37	12	\N	\N	\N	\N	\N
37	13	\N	\N	\N	\N	\N
37	14	\N	\N	\N	\N	\N
37	15	\N	\N	\N	\N	\N
37	16	\N	\N	\N	\N	\N
37	17	\N	\N	\N	\N	\N
37	18	\N	\N	\N	\N	\N
37	19	\N	\N	\N	\N	\N
37	20	\N	\N	\N	\N	\N
37	21	\N	\N	\N	\N	\N
37	22	\N	\N	\N	\N	\N
37	23	\N	\N	\N	\N	\N
37	24	\N	\N	\N	\N	\N
37	25	\N	\N	\N	\N	\N
37	26	\N	\N	\N	\N	\N
38	1	\N	\N	\N	\N	\N
38	2	\N	\N	\N	\N	\N
38	3	\N	\N	\N	\N	\N
38	4	\N	\N	\N	\N	\N
38	5	\N	\N	\N	\N	\N
38	6	\N	\N	\N	\N	\N
38	7	\N	\N	\N	\N	\N
38	8	\N	\N	\N	\N	\N
38	9	\N	\N	\N	\N	\N
38	10	\N	\N	\N	\N	\N
38	11	\N	\N	\N	\N	\N
38	12	\N	\N	\N	\N	\N
38	13	\N	\N	\N	\N	\N
38	14	\N	\N	\N	\N	\N
38	15	\N	\N	\N	\N	\N
38	16	\N	\N	\N	\N	\N
38	17	\N	\N	\N	\N	\N
38	18	\N	\N	\N	\N	\N
38	19	\N	\N	\N	\N	\N
38	20	\N	\N	\N	\N	\N
38	21	\N	\N	\N	\N	\N
38	22	\N	\N	\N	\N	\N
38	23	\N	\N	\N	\N	\N
38	24	\N	\N	\N	\N	\N
38	25	\N	\N	\N	\N	\N
38	26	\N	\N	\N	\N	\N
39	1	\N	\N	\N	\N	\N
39	2	\N	\N	\N	\N	\N
39	3	\N	\N	\N	\N	\N
39	4	\N	\N	\N	\N	\N
39	5	\N	\N	\N	\N	\N
39	6	\N	\N	\N	\N	\N
39	7	\N	\N	\N	\N	\N
39	8	\N	\N	\N	\N	\N
39	9	\N	\N	\N	\N	\N
39	10	\N	\N	\N	\N	\N
39	11	\N	\N	\N	\N	\N
39	12	\N	\N	\N	\N	\N
39	13	\N	\N	\N	\N	\N
39	14	\N	\N	\N	\N	\N
39	15	\N	\N	\N	\N	\N
39	16	\N	\N	\N	\N	\N
39	17	\N	\N	\N	\N	\N
39	18	\N	\N	\N	\N	\N
39	19	\N	\N	\N	\N	\N
39	20	\N	\N	\N	\N	\N
39	21	\N	\N	\N	\N	\N
39	22	\N	\N	\N	\N	\N
39	23	\N	\N	\N	\N	\N
39	24	\N	\N	\N	\N	\N
39	25	\N	\N	\N	\N	\N
39	26	\N	\N	\N	\N	\N
40	1	\N	\N	\N	\N	\N
40	2	\N	\N	\N	\N	\N
40	3	\N	\N	\N	\N	\N
40	4	\N	\N	\N	\N	\N
40	5	\N	\N	\N	\N	\N
40	6	\N	\N	\N	\N	\N
40	7	\N	\N	\N	\N	\N
40	8	\N	\N	\N	\N	\N
40	9	\N	\N	\N	\N	\N
40	10	\N	\N	\N	\N	\N
40	11	\N	\N	\N	\N	\N
40	12	\N	\N	\N	\N	\N
40	13	\N	\N	\N	\N	\N
40	14	\N	\N	\N	\N	\N
40	15	\N	\N	\N	\N	\N
40	16	\N	\N	\N	\N	\N
40	17	\N	\N	\N	\N	\N
40	18	\N	\N	\N	\N	\N
40	19	\N	\N	\N	\N	\N
40	20	\N	\N	\N	\N	\N
40	21	\N	\N	\N	\N	\N
40	22	\N	\N	\N	\N	\N
40	23	\N	\N	\N	\N	\N
40	24	\N	\N	\N	\N	\N
40	25	\N	\N	\N	\N	\N
40	26	\N	\N	\N	\N	\N
41	1	\N	\N	\N	\N	\N
41	2	\N	\N	\N	\N	\N
41	3	\N	\N	\N	\N	\N
41	4	\N	\N	\N	\N	\N
41	5	\N	\N	\N	\N	\N
41	6	\N	\N	\N	\N	\N
41	7	\N	\N	\N	\N	\N
41	8	\N	\N	\N	\N	\N
41	9	\N	\N	\N	\N	\N
41	10	\N	\N	\N	\N	\N
41	11	\N	\N	\N	\N	\N
41	12	\N	\N	\N	\N	\N
41	13	\N	\N	\N	\N	\N
41	14	\N	\N	\N	\N	\N
41	15	\N	\N	\N	\N	\N
41	16	\N	\N	\N	\N	\N
41	17	\N	\N	\N	\N	\N
41	18	\N	\N	\N	\N	\N
41	19	\N	\N	\N	\N	\N
41	20	\N	\N	\N	\N	\N
41	21	\N	\N	\N	\N	\N
41	22	\N	\N	\N	\N	\N
41	23	\N	\N	\N	\N	\N
41	24	\N	\N	\N	\N	\N
41	25	\N	\N	\N	\N	\N
41	26	\N	\N	\N	\N	\N
42	1	\N	\N	\N	\N	\N
42	2	\N	\N	\N	\N	\N
42	3	\N	\N	\N	\N	\N
42	4	\N	\N	\N	\N	\N
42	5	\N	\N	\N	\N	\N
42	6	\N	\N	\N	\N	\N
42	7	\N	\N	\N	\N	\N
42	8	\N	\N	\N	\N	\N
42	9	\N	\N	\N	\N	\N
42	10	\N	\N	\N	\N	\N
42	11	\N	\N	\N	\N	\N
42	12	\N	\N	\N	\N	\N
42	13	\N	\N	\N	\N	\N
42	14	\N	\N	\N	\N	\N
42	15	\N	\N	\N	\N	\N
42	16	\N	\N	\N	\N	\N
42	17	\N	\N	\N	\N	\N
42	18	\N	\N	\N	\N	\N
42	19	\N	\N	\N	\N	\N
42	20	\N	\N	\N	\N	\N
42	21	\N	\N	\N	\N	\N
42	22	\N	\N	\N	\N	\N
42	23	\N	\N	\N	\N	\N
42	24	\N	\N	\N	\N	\N
42	25	\N	\N	\N	\N	\N
42	26	\N	\N	\N	\N	\N
43	1	\N	\N	\N	\N	\N
43	2	\N	\N	\N	\N	\N
43	3	\N	\N	\N	\N	\N
43	4	\N	\N	\N	\N	\N
43	5	\N	\N	\N	\N	\N
43	6	\N	\N	\N	\N	\N
43	7	\N	\N	\N	\N	\N
43	8	\N	\N	\N	\N	\N
43	9	\N	\N	\N	\N	\N
43	10	\N	\N	\N	\N	\N
43	11	\N	\N	\N	\N	\N
43	12	\N	\N	\N	\N	\N
43	13	\N	\N	\N	\N	\N
43	14	\N	\N	\N	\N	\N
43	15	\N	\N	\N	\N	\N
43	16	\N	\N	\N	\N	\N
43	17	\N	\N	\N	\N	\N
43	18	\N	\N	\N	\N	\N
43	19	\N	\N	\N	\N	\N
43	20	\N	\N	\N	\N	\N
43	21	\N	\N	\N	\N	\N
43	22	\N	\N	\N	\N	\N
43	23	\N	\N	\N	\N	\N
43	24	\N	\N	\N	\N	\N
43	25	\N	\N	\N	\N	\N
43	26	\N	\N	\N	\N	\N
44	1	\N	\N	\N	\N	\N
44	2	\N	\N	\N	\N	\N
44	3	\N	\N	\N	\N	\N
44	4	\N	\N	\N	\N	\N
44	5	\N	\N	\N	\N	\N
44	6	\N	\N	\N	\N	\N
44	7	\N	\N	\N	\N	\N
44	8	\N	\N	\N	\N	\N
44	9	\N	\N	\N	\N	\N
44	10	\N	\N	\N	\N	\N
44	11	\N	\N	\N	\N	\N
44	12	\N	\N	\N	\N	\N
44	13	\N	\N	\N	\N	\N
44	14	\N	\N	\N	\N	\N
44	15	\N	\N	\N	\N	\N
44	16	\N	\N	\N	\N	\N
44	17	\N	\N	\N	\N	\N
44	18	\N	\N	\N	\N	\N
44	19	\N	\N	\N	\N	\N
44	20	\N	\N	\N	\N	\N
44	21	\N	\N	\N	\N	\N
44	22	\N	\N	\N	\N	\N
44	23	\N	\N	\N	\N	\N
44	24	\N	\N	\N	\N	\N
44	25	\N	\N	\N	\N	\N
44	26	\N	\N	\N	\N	\N
45	1	\N	\N	\N	\N	\N
45	2	\N	\N	\N	\N	\N
45	3	\N	\N	\N	\N	\N
45	4	\N	\N	\N	\N	\N
45	5	\N	\N	\N	\N	\N
45	6	\N	\N	\N	\N	\N
45	7	\N	\N	\N	\N	\N
45	8	\N	\N	\N	\N	\N
45	9	\N	\N	\N	\N	\N
45	10	\N	\N	\N	\N	\N
45	11	\N	\N	\N	\N	\N
45	12	\N	\N	\N	\N	\N
45	13	\N	\N	\N	\N	\N
45	14	\N	\N	\N	\N	\N
45	15	\N	\N	\N	\N	\N
45	16	\N	\N	\N	\N	\N
45	17	\N	\N	\N	\N	\N
45	18	\N	\N	\N	\N	\N
45	19	\N	\N	\N	\N	\N
45	20	\N	\N	\N	\N	\N
45	21	\N	\N	\N	\N	\N
45	22	\N	\N	\N	\N	\N
45	23	\N	\N	\N	\N	\N
45	24	\N	\N	\N	\N	\N
45	25	\N	\N	\N	\N	\N
45	26	\N	\N	\N	\N	\N
46	1	\N	\N	\N	\N	\N
46	2	\N	\N	\N	\N	\N
46	3	\N	\N	\N	\N	\N
46	4	\N	\N	\N	\N	\N
46	5	\N	\N	\N	\N	\N
46	6	\N	\N	\N	\N	\N
46	7	\N	\N	\N	\N	\N
46	8	\N	\N	\N	\N	\N
46	9	\N	\N	\N	\N	\N
46	10	\N	\N	\N	\N	\N
46	11	\N	\N	\N	\N	\N
46	12	\N	\N	\N	\N	\N
46	13	\N	\N	\N	\N	\N
46	14	\N	\N	\N	\N	\N
46	15	\N	\N	\N	\N	\N
46	16	\N	\N	\N	\N	\N
46	17	\N	\N	\N	\N	\N
46	18	\N	\N	\N	\N	\N
46	19	\N	\N	\N	\N	\N
46	20	\N	\N	\N	\N	\N
46	21	\N	\N	\N	\N	\N
46	22	\N	\N	\N	\N	\N
46	23	\N	\N	\N	\N	\N
46	24	\N	\N	\N	\N	\N
46	25	\N	\N	\N	\N	\N
46	26	\N	\N	\N	\N	\N
47	1	\N	\N	\N	\N	\N
47	2	\N	\N	\N	\N	\N
47	3	\N	\N	\N	\N	\N
47	4	\N	\N	\N	\N	\N
47	5	\N	\N	\N	\N	\N
47	6	\N	\N	\N	\N	\N
47	7	\N	\N	\N	\N	\N
47	8	\N	\N	\N	\N	\N
47	9	\N	\N	\N	\N	\N
47	10	\N	\N	\N	\N	\N
47	11	\N	\N	\N	\N	\N
47	12	\N	\N	\N	\N	\N
47	13	\N	\N	\N	\N	\N
47	14	\N	\N	\N	\N	\N
47	15	\N	\N	\N	\N	\N
47	16	\N	\N	\N	\N	\N
47	17	\N	\N	\N	\N	\N
47	18	\N	\N	\N	\N	\N
47	19	\N	\N	\N	\N	\N
47	20	\N	\N	\N	\N	\N
47	21	\N	\N	\N	\N	\N
47	22	\N	\N	\N	\N	\N
47	23	\N	\N	\N	\N	\N
47	24	\N	\N	\N	\N	\N
47	25	\N	\N	\N	\N	\N
47	26	\N	\N	\N	\N	\N
48	1	\N	\N	\N	\N	\N
48	2	\N	\N	\N	\N	\N
48	3	\N	\N	\N	\N	\N
48	4	\N	\N	\N	\N	\N
48	5	\N	\N	\N	\N	\N
48	6	\N	\N	\N	\N	\N
48	7	\N	\N	\N	\N	\N
48	8	\N	\N	\N	\N	\N
48	9	\N	\N	\N	\N	\N
48	10	\N	\N	\N	\N	\N
48	11	\N	\N	\N	\N	\N
48	12	\N	\N	\N	\N	\N
48	13	\N	\N	\N	\N	\N
48	14	\N	\N	\N	\N	\N
48	15	\N	\N	\N	\N	\N
48	16	\N	\N	\N	\N	\N
48	17	\N	\N	\N	\N	\N
48	18	\N	\N	\N	\N	\N
48	19	\N	\N	\N	\N	\N
48	20	\N	\N	\N	\N	\N
48	21	\N	\N	\N	\N	\N
48	22	\N	\N	\N	\N	\N
48	23	\N	\N	\N	\N	\N
48	24	\N	\N	\N	\N	\N
48	25	\N	\N	\N	\N	\N
48	26	\N	\N	\N	\N	\N
49	1	\N	\N	\N	\N	\N
49	2	\N	\N	\N	\N	\N
49	3	\N	\N	\N	\N	\N
49	4	\N	\N	\N	\N	\N
49	5	\N	\N	\N	\N	\N
49	6	\N	\N	\N	\N	\N
49	7	\N	\N	\N	\N	\N
49	8	\N	\N	\N	\N	\N
49	9	\N	\N	\N	\N	\N
49	10	\N	\N	\N	\N	\N
49	11	\N	\N	\N	\N	\N
49	12	\N	\N	\N	\N	\N
49	13	\N	\N	\N	\N	\N
49	14	\N	\N	\N	\N	\N
49	15	\N	\N	\N	\N	\N
49	16	\N	\N	\N	\N	\N
49	17	\N	\N	\N	\N	\N
49	18	\N	\N	\N	\N	\N
49	19	\N	\N	\N	\N	\N
49	20	\N	\N	\N	\N	\N
49	21	\N	\N	\N	\N	\N
49	22	\N	\N	\N	\N	\N
49	23	\N	\N	\N	\N	\N
49	24	\N	\N	\N	\N	\N
49	25	\N	\N	\N	\N	\N
49	26	\N	\N	\N	\N	\N
50	1	\N	\N	\N	\N	\N
50	2	\N	\N	\N	\N	\N
50	3	\N	\N	\N	\N	\N
50	4	\N	\N	\N	\N	\N
50	5	\N	\N	\N	\N	\N
50	6	\N	\N	\N	\N	\N
50	7	\N	\N	\N	\N	\N
50	8	\N	\N	\N	\N	\N
50	9	\N	\N	\N	\N	\N
50	10	\N	\N	\N	\N	\N
50	11	\N	\N	\N	\N	\N
50	12	\N	\N	\N	\N	\N
50	13	\N	\N	\N	\N	\N
50	14	\N	\N	\N	\N	\N
50	15	\N	\N	\N	\N	\N
50	16	\N	\N	\N	\N	\N
50	17	\N	\N	\N	\N	\N
50	18	\N	\N	\N	\N	\N
50	19	\N	\N	\N	\N	\N
50	20	\N	\N	\N	\N	\N
50	21	\N	\N	\N	\N	\N
50	22	\N	\N	\N	\N	\N
50	23	\N	\N	\N	\N	\N
50	24	\N	\N	\N	\N	\N
50	25	\N	\N	\N	\N	\N
50	26	\N	\N	\N	\N	\N
51	1	\N	\N	\N	\N	\N
51	2	\N	\N	\N	\N	\N
51	3	\N	\N	\N	\N	\N
51	4	\N	\N	\N	\N	\N
51	5	\N	\N	\N	\N	\N
51	6	\N	\N	\N	\N	\N
51	7	\N	\N	\N	\N	\N
51	8	\N	\N	\N	\N	\N
51	9	\N	\N	\N	\N	\N
51	10	\N	\N	\N	\N	\N
51	11	\N	\N	\N	\N	\N
51	12	\N	\N	\N	\N	\N
51	13	\N	\N	\N	\N	\N
51	14	\N	\N	\N	\N	\N
51	15	\N	\N	\N	\N	\N
51	16	\N	\N	\N	\N	\N
51	17	\N	\N	\N	\N	\N
51	18	\N	\N	\N	\N	\N
51	19	\N	\N	\N	\N	\N
51	20	\N	\N	\N	\N	\N
51	21	\N	\N	\N	\N	\N
51	22	\N	\N	\N	\N	\N
51	23	\N	\N	\N	\N	\N
51	24	\N	\N	\N	\N	\N
51	25	\N	\N	\N	\N	\N
51	26	\N	\N	\N	\N	\N
52	1	\N	\N	\N	\N	\N
52	2	\N	\N	\N	\N	\N
52	3	\N	\N	\N	\N	\N
52	4	\N	\N	\N	\N	\N
52	5	\N	\N	\N	\N	\N
52	6	\N	\N	\N	\N	\N
52	7	\N	\N	\N	\N	\N
52	8	\N	\N	\N	\N	\N
52	9	\N	\N	\N	\N	\N
52	10	\N	\N	\N	\N	\N
52	11	\N	\N	\N	\N	\N
52	12	\N	\N	\N	\N	\N
52	13	\N	\N	\N	\N	\N
52	14	\N	\N	\N	\N	\N
52	15	\N	\N	\N	\N	\N
52	16	\N	\N	\N	\N	\N
52	17	\N	\N	\N	\N	\N
52	18	\N	\N	\N	\N	\N
52	19	\N	\N	\N	\N	\N
52	20	\N	\N	\N	\N	\N
52	21	\N	\N	\N	\N	\N
52	22	\N	\N	\N	\N	\N
52	23	\N	\N	\N	\N	\N
52	24	\N	\N	\N	\N	\N
52	25	\N	\N	\N	\N	\N
52	26	\N	\N	\N	\N	\N
53	1	\N	\N	\N	\N	\N
53	2	\N	\N	\N	\N	\N
53	3	\N	\N	\N	\N	\N
53	4	\N	\N	\N	\N	\N
53	5	\N	\N	\N	\N	\N
53	6	\N	\N	\N	\N	\N
53	7	\N	\N	\N	\N	\N
53	8	\N	\N	\N	\N	\N
53	9	\N	\N	\N	\N	\N
53	10	\N	\N	\N	\N	\N
53	11	\N	\N	\N	\N	\N
53	12	\N	\N	\N	\N	\N
53	13	\N	\N	\N	\N	\N
53	14	\N	\N	\N	\N	\N
53	15	\N	\N	\N	\N	\N
53	16	\N	\N	\N	\N	\N
53	17	\N	\N	\N	\N	\N
53	18	\N	\N	\N	\N	\N
53	19	\N	\N	\N	\N	\N
53	20	\N	\N	\N	\N	\N
53	21	\N	\N	\N	\N	\N
53	22	\N	\N	\N	\N	\N
53	23	\N	\N	\N	\N	\N
53	24	\N	\N	\N	\N	\N
53	25	\N	\N	\N	\N	\N
53	26	\N	\N	\N	\N	\N
54	1	\N	\N	\N	\N	\N
54	2	\N	\N	\N	\N	\N
54	3	\N	\N	\N	\N	\N
54	4	\N	\N	\N	\N	\N
54	5	\N	\N	\N	\N	\N
54	6	\N	\N	\N	\N	\N
54	7	\N	\N	\N	\N	\N
54	8	\N	\N	\N	\N	\N
54	9	\N	\N	\N	\N	\N
54	10	\N	\N	\N	\N	\N
54	11	\N	\N	\N	\N	\N
54	12	\N	\N	\N	\N	\N
54	13	\N	\N	\N	\N	\N
54	14	\N	\N	\N	\N	\N
54	15	\N	\N	\N	\N	\N
54	16	\N	\N	\N	\N	\N
54	17	\N	\N	\N	\N	\N
54	18	\N	\N	\N	\N	\N
54	19	\N	\N	\N	\N	\N
54	20	\N	\N	\N	\N	\N
54	21	\N	\N	\N	\N	\N
54	22	\N	\N	\N	\N	\N
54	23	\N	\N	\N	\N	\N
54	24	\N	\N	\N	\N	\N
54	25	\N	\N	\N	\N	\N
54	26	\N	\N	\N	\N	\N
55	1	\N	\N	\N	\N	\N
55	2	\N	\N	\N	\N	\N
55	3	\N	\N	\N	\N	\N
55	4	\N	\N	\N	\N	\N
55	5	\N	\N	\N	\N	\N
55	6	\N	\N	\N	\N	\N
55	7	\N	\N	\N	\N	\N
55	8	\N	\N	\N	\N	\N
55	9	\N	\N	\N	\N	\N
55	10	\N	\N	\N	\N	\N
55	11	\N	\N	\N	\N	\N
55	12	\N	\N	\N	\N	\N
55	13	\N	\N	\N	\N	\N
55	14	\N	\N	\N	\N	\N
55	15	\N	\N	\N	\N	\N
55	16	\N	\N	\N	\N	\N
55	17	\N	\N	\N	\N	\N
55	18	\N	\N	\N	\N	\N
55	19	\N	\N	\N	\N	\N
55	20	\N	\N	\N	\N	\N
55	21	\N	\N	\N	\N	\N
55	22	\N	\N	\N	\N	\N
55	23	\N	\N	\N	\N	\N
55	24	\N	\N	\N	\N	\N
55	25	\N	\N	\N	\N	\N
55	26	\N	\N	\N	\N	\N
56	1	\N	\N	\N	\N	\N
56	2	\N	\N	\N	\N	\N
56	3	\N	\N	\N	\N	\N
56	4	\N	\N	\N	\N	\N
56	5	\N	\N	\N	\N	\N
56	6	\N	\N	\N	\N	\N
56	7	\N	\N	\N	\N	\N
56	8	\N	\N	\N	\N	\N
56	9	\N	\N	\N	\N	\N
56	10	\N	\N	\N	\N	\N
56	11	\N	\N	\N	\N	\N
56	12	\N	\N	\N	\N	\N
56	13	\N	\N	\N	\N	\N
56	14	\N	\N	\N	\N	\N
56	15	\N	\N	\N	\N	\N
56	16	\N	\N	\N	\N	\N
56	17	\N	\N	\N	\N	\N
56	18	\N	\N	\N	\N	\N
56	19	\N	\N	\N	\N	\N
56	20	\N	\N	\N	\N	\N
56	21	\N	\N	\N	\N	\N
56	22	\N	\N	\N	\N	\N
56	23	\N	\N	\N	\N	\N
56	24	\N	\N	\N	\N	\N
56	25	\N	\N	\N	\N	\N
56	26	\N	\N	\N	\N	\N
57	1	\N	\N	\N	\N	\N
57	2	\N	\N	\N	\N	\N
57	3	\N	\N	\N	\N	\N
57	4	\N	\N	\N	\N	\N
57	5	\N	\N	\N	\N	\N
57	6	\N	\N	\N	\N	\N
57	7	\N	\N	\N	\N	\N
57	8	\N	\N	\N	\N	\N
57	9	\N	\N	\N	\N	\N
57	10	\N	\N	\N	\N	\N
57	11	\N	\N	\N	\N	\N
57	12	\N	\N	\N	\N	\N
57	13	\N	\N	\N	\N	\N
57	14	\N	\N	\N	\N	\N
57	15	\N	\N	\N	\N	\N
57	16	\N	\N	\N	\N	\N
57	17	\N	\N	\N	\N	\N
57	18	\N	\N	\N	\N	\N
57	19	\N	\N	\N	\N	\N
57	20	\N	\N	\N	\N	\N
57	21	\N	\N	\N	\N	\N
57	22	\N	\N	\N	\N	\N
57	23	\N	\N	\N	\N	\N
57	24	\N	\N	\N	\N	\N
57	25	\N	\N	\N	\N	\N
57	26	\N	\N	\N	\N	\N
58	1	\N	\N	\N	\N	\N
58	2	\N	\N	\N	\N	\N
58	3	\N	\N	\N	\N	\N
58	4	\N	\N	\N	\N	\N
58	5	\N	\N	\N	\N	\N
58	6	\N	\N	\N	\N	\N
58	7	\N	\N	\N	\N	\N
58	8	\N	\N	\N	\N	\N
58	9	\N	\N	\N	\N	\N
58	10	\N	\N	\N	\N	\N
58	11	\N	\N	\N	\N	\N
58	12	\N	\N	\N	\N	\N
58	13	\N	\N	\N	\N	\N
58	14	\N	\N	\N	\N	\N
58	15	\N	\N	\N	\N	\N
58	16	\N	\N	\N	\N	\N
58	17	\N	\N	\N	\N	\N
58	18	\N	\N	\N	\N	\N
58	19	\N	\N	\N	\N	\N
58	20	\N	\N	\N	\N	\N
58	21	\N	\N	\N	\N	\N
58	22	\N	\N	\N	\N	\N
58	23	\N	\N	\N	\N	\N
58	24	\N	\N	\N	\N	\N
58	25	\N	\N	\N	\N	\N
58	26	\N	\N	\N	\N	\N
59	1	\N	\N	\N	\N	\N
59	2	\N	\N	\N	\N	\N
59	3	\N	\N	\N	\N	\N
59	4	\N	\N	\N	\N	\N
59	5	\N	\N	\N	\N	\N
59	6	\N	\N	\N	\N	\N
59	7	\N	\N	\N	\N	\N
59	8	\N	\N	\N	\N	\N
59	9	\N	\N	\N	\N	\N
59	10	\N	\N	\N	\N	\N
59	11	\N	\N	\N	\N	\N
59	12	\N	\N	\N	\N	\N
59	13	\N	\N	\N	\N	\N
59	14	\N	\N	\N	\N	\N
59	15	\N	\N	\N	\N	\N
59	16	\N	\N	\N	\N	\N
59	17	\N	\N	\N	\N	\N
59	18	\N	\N	\N	\N	\N
59	19	\N	\N	\N	\N	\N
59	20	\N	\N	\N	\N	\N
59	21	\N	\N	\N	\N	\N
59	22	\N	\N	\N	\N	\N
59	23	\N	\N	\N	\N	\N
59	24	\N	\N	\N	\N	\N
59	25	\N	\N	\N	\N	\N
59	26	\N	\N	\N	\N	\N
60	1	\N	\N	\N	\N	\N
60	2	\N	\N	\N	\N	\N
60	3	\N	\N	\N	\N	\N
60	4	\N	\N	\N	\N	\N
60	5	\N	\N	\N	\N	\N
60	6	\N	\N	\N	\N	\N
60	7	\N	\N	\N	\N	\N
60	8	\N	\N	\N	\N	\N
60	9	\N	\N	\N	\N	\N
60	10	\N	\N	\N	\N	\N
60	11	\N	\N	\N	\N	\N
60	12	\N	\N	\N	\N	\N
60	13	\N	\N	\N	\N	\N
60	14	\N	\N	\N	\N	\N
60	15	\N	\N	\N	\N	\N
60	16	\N	\N	\N	\N	\N
60	17	\N	\N	\N	\N	\N
60	18	\N	\N	\N	\N	\N
60	19	\N	\N	\N	\N	\N
60	20	\N	\N	\N	\N	\N
60	21	\N	\N	\N	\N	\N
60	22	\N	\N	\N	\N	\N
60	23	\N	\N	\N	\N	\N
60	24	\N	\N	\N	\N	\N
60	25	\N	\N	\N	\N	\N
60	26	\N	\N	\N	\N	\N
61	1	\N	\N	\N	\N	\N
61	2	\N	\N	\N	\N	\N
61	3	\N	\N	\N	\N	\N
61	4	\N	\N	\N	\N	\N
61	5	\N	\N	\N	\N	\N
61	6	\N	\N	\N	\N	\N
61	7	\N	\N	\N	\N	\N
61	8	\N	\N	\N	\N	\N
61	9	\N	\N	\N	\N	\N
61	10	\N	\N	\N	\N	\N
61	11	\N	\N	\N	\N	\N
61	12	\N	\N	\N	\N	\N
61	13	\N	\N	\N	\N	\N
61	14	\N	\N	\N	\N	\N
61	15	\N	\N	\N	\N	\N
61	16	\N	\N	\N	\N	\N
61	17	\N	\N	\N	\N	\N
61	18	\N	\N	\N	\N	\N
61	19	\N	\N	\N	\N	\N
61	20	\N	\N	\N	\N	\N
61	21	\N	\N	\N	\N	\N
61	22	\N	\N	\N	\N	\N
61	23	\N	\N	\N	\N	\N
61	24	\N	\N	\N	\N	\N
61	25	\N	\N	\N	\N	\N
61	26	\N	\N	\N	\N	\N
62	1	\N	\N	\N	\N	\N
62	2	\N	\N	\N	\N	\N
62	3	\N	\N	\N	\N	\N
62	4	\N	\N	\N	\N	\N
62	5	\N	\N	\N	\N	\N
62	6	\N	\N	\N	\N	\N
62	7	\N	\N	\N	\N	\N
62	8	\N	\N	\N	\N	\N
62	9	\N	\N	\N	\N	\N
62	10	\N	\N	\N	\N	\N
62	11	\N	\N	\N	\N	\N
62	12	\N	\N	\N	\N	\N
62	13	\N	\N	\N	\N	\N
62	14	\N	\N	\N	\N	\N
62	15	\N	\N	\N	\N	\N
62	16	\N	\N	\N	\N	\N
62	17	\N	\N	\N	\N	\N
62	18	\N	\N	\N	\N	\N
62	19	\N	\N	\N	\N	\N
62	20	\N	\N	\N	\N	\N
62	21	\N	\N	\N	\N	\N
62	22	\N	\N	\N	\N	\N
62	23	\N	\N	\N	\N	\N
62	24	\N	\N	\N	\N	\N
62	25	\N	\N	\N	\N	\N
62	26	\N	\N	\N	\N	\N
63	1	\N	\N	\N	\N	\N
63	2	\N	\N	\N	\N	\N
63	3	\N	\N	\N	\N	\N
63	4	\N	\N	\N	\N	\N
63	5	\N	\N	\N	\N	\N
63	6	\N	\N	\N	\N	\N
63	7	\N	\N	\N	\N	\N
63	8	\N	\N	\N	\N	\N
63	9	\N	\N	\N	\N	\N
63	10	\N	\N	\N	\N	\N
63	11	\N	\N	\N	\N	\N
63	12	\N	\N	\N	\N	\N
63	13	\N	\N	\N	\N	\N
63	14	\N	\N	\N	\N	\N
63	15	\N	\N	\N	\N	\N
63	16	\N	\N	\N	\N	\N
63	17	\N	\N	\N	\N	\N
63	18	\N	\N	\N	\N	\N
63	19	\N	\N	\N	\N	\N
63	20	\N	\N	\N	\N	\N
63	21	\N	\N	\N	\N	\N
63	22	\N	\N	\N	\N	\N
63	23	\N	\N	\N	\N	\N
63	24	\N	\N	\N	\N	\N
63	25	\N	\N	\N	\N	\N
63	26	\N	\N	\N	\N	\N
64	1	\N	\N	\N	\N	\N
64	2	\N	\N	\N	\N	\N
64	3	\N	\N	\N	\N	\N
64	4	\N	\N	\N	\N	\N
64	5	\N	\N	\N	\N	\N
64	6	\N	\N	\N	\N	\N
64	7	\N	\N	\N	\N	\N
64	8	\N	\N	\N	\N	\N
64	9	\N	\N	\N	\N	\N
64	10	\N	\N	\N	\N	\N
64	11	\N	\N	\N	\N	\N
64	12	\N	\N	\N	\N	\N
64	13	\N	\N	\N	\N	\N
64	14	\N	\N	\N	\N	\N
64	15	\N	\N	\N	\N	\N
64	16	\N	\N	\N	\N	\N
64	17	\N	\N	\N	\N	\N
64	18	\N	\N	\N	\N	\N
64	19	\N	\N	\N	\N	\N
64	20	\N	\N	\N	\N	\N
64	21	\N	\N	\N	\N	\N
64	22	\N	\N	\N	\N	\N
64	23	\N	\N	\N	\N	\N
64	24	\N	\N	\N	\N	\N
64	25	\N	\N	\N	\N	\N
64	26	\N	\N	\N	\N	\N
65	1	\N	\N	\N	\N	\N
65	2	\N	\N	\N	\N	\N
65	3	\N	\N	\N	\N	\N
65	4	\N	\N	\N	\N	\N
65	5	\N	\N	\N	\N	\N
65	6	\N	\N	\N	\N	\N
65	7	\N	\N	\N	\N	\N
65	8	\N	\N	\N	\N	\N
65	9	\N	\N	\N	\N	\N
65	10	\N	\N	\N	\N	\N
65	11	\N	\N	\N	\N	\N
65	12	\N	\N	\N	\N	\N
65	13	\N	\N	\N	\N	\N
65	14	\N	\N	\N	\N	\N
65	15	\N	\N	\N	\N	\N
65	16	\N	\N	\N	\N	\N
65	17	\N	\N	\N	\N	\N
65	18	\N	\N	\N	\N	\N
65	19	\N	\N	\N	\N	\N
65	20	\N	\N	\N	\N	\N
65	21	\N	\N	\N	\N	\N
65	22	\N	\N	\N	\N	\N
65	23	\N	\N	\N	\N	\N
65	24	\N	\N	\N	\N	\N
65	25	\N	\N	\N	\N	\N
65	26	\N	\N	\N	\N	\N
66	1	\N	\N	\N	\N	\N
66	2	\N	\N	\N	\N	\N
66	3	\N	\N	\N	\N	\N
66	4	\N	\N	\N	\N	\N
66	5	\N	\N	\N	\N	\N
66	6	\N	\N	\N	\N	\N
66	7	\N	\N	\N	\N	\N
66	8	\N	\N	\N	\N	\N
66	9	\N	\N	\N	\N	\N
66	10	\N	\N	\N	\N	\N
66	11	\N	\N	\N	\N	\N
66	12	\N	\N	\N	\N	\N
66	13	\N	\N	\N	\N	\N
66	14	\N	\N	\N	\N	\N
66	15	\N	\N	\N	\N	\N
66	16	\N	\N	\N	\N	\N
66	17	\N	\N	\N	\N	\N
66	18	\N	\N	\N	\N	\N
66	19	\N	\N	\N	\N	\N
66	20	\N	\N	\N	\N	\N
66	21	\N	\N	\N	\N	\N
66	22	\N	\N	\N	\N	\N
66	23	\N	\N	\N	\N	\N
66	24	\N	\N	\N	\N	\N
66	25	\N	\N	\N	\N	\N
66	26	\N	\N	\N	\N	\N
67	1	\N	\N	\N	\N	\N
67	2	\N	\N	\N	\N	\N
67	3	\N	\N	\N	\N	\N
67	4	\N	\N	\N	\N	\N
67	5	\N	\N	\N	\N	\N
67	6	\N	\N	\N	\N	\N
67	7	\N	\N	\N	\N	\N
67	8	\N	\N	\N	\N	\N
67	9	\N	\N	\N	\N	\N
67	10	\N	\N	\N	\N	\N
67	11	\N	\N	\N	\N	\N
67	12	\N	\N	\N	\N	\N
67	13	\N	\N	\N	\N	\N
67	14	\N	\N	\N	\N	\N
67	15	\N	\N	\N	\N	\N
67	16	\N	\N	\N	\N	\N
67	17	\N	\N	\N	\N	\N
67	18	\N	\N	\N	\N	\N
67	19	\N	\N	\N	\N	\N
67	20	\N	\N	\N	\N	\N
67	21	\N	\N	\N	\N	\N
67	22	\N	\N	\N	\N	\N
67	23	\N	\N	\N	\N	\N
67	24	\N	\N	\N	\N	\N
67	25	\N	\N	\N	\N	\N
67	26	\N	\N	\N	\N	\N
68	1	\N	\N	\N	\N	\N
68	2	\N	\N	\N	\N	\N
68	3	\N	\N	\N	\N	\N
68	4	\N	\N	\N	\N	\N
68	5	\N	\N	\N	\N	\N
68	6	\N	\N	\N	\N	\N
68	7	\N	\N	\N	\N	\N
68	8	\N	\N	\N	\N	\N
68	9	\N	\N	\N	\N	\N
68	10	\N	\N	\N	\N	\N
68	11	\N	\N	\N	\N	\N
68	12	\N	\N	\N	\N	\N
68	13	\N	\N	\N	\N	\N
68	14	\N	\N	\N	\N	\N
68	15	\N	\N	\N	\N	\N
68	16	\N	\N	\N	\N	\N
68	17	\N	\N	\N	\N	\N
68	18	\N	\N	\N	\N	\N
68	19	\N	\N	\N	\N	\N
68	20	\N	\N	\N	\N	\N
68	21	\N	\N	\N	\N	\N
68	22	\N	\N	\N	\N	\N
68	23	\N	\N	\N	\N	\N
68	24	\N	\N	\N	\N	\N
68	25	\N	\N	\N	\N	\N
68	26	\N	\N	\N	\N	\N
69	1	\N	\N	\N	\N	\N
69	2	\N	\N	\N	\N	\N
69	3	\N	\N	\N	\N	\N
69	4	\N	\N	\N	\N	\N
69	5	\N	\N	\N	\N	\N
69	6	\N	\N	\N	\N	\N
69	7	\N	\N	\N	\N	\N
69	8	\N	\N	\N	\N	\N
69	9	\N	\N	\N	\N	\N
69	10	\N	\N	\N	\N	\N
69	11	\N	\N	\N	\N	\N
69	12	\N	\N	\N	\N	\N
69	13	\N	\N	\N	\N	\N
69	14	\N	\N	\N	\N	\N
69	15	\N	\N	\N	\N	\N
69	16	\N	\N	\N	\N	\N
69	17	\N	\N	\N	\N	\N
69	18	\N	\N	\N	\N	\N
69	19	\N	\N	\N	\N	\N
69	20	\N	\N	\N	\N	\N
69	21	\N	\N	\N	\N	\N
69	22	\N	\N	\N	\N	\N
69	23	\N	\N	\N	\N	\N
69	24	\N	\N	\N	\N	\N
69	25	\N	\N	\N	\N	\N
69	26	\N	\N	\N	\N	\N
70	1	\N	\N	\N	\N	\N
70	2	\N	\N	\N	\N	\N
70	3	\N	\N	\N	\N	\N
70	4	\N	\N	\N	\N	\N
70	5	\N	\N	\N	\N	\N
70	6	\N	\N	\N	\N	\N
70	7	\N	\N	\N	\N	\N
70	8	\N	\N	\N	\N	\N
70	9	\N	\N	\N	\N	\N
70	10	\N	\N	\N	\N	\N
70	11	\N	\N	\N	\N	\N
70	12	\N	\N	\N	\N	\N
70	13	\N	\N	\N	\N	\N
70	14	\N	\N	\N	\N	\N
70	15	\N	\N	\N	\N	\N
70	16	\N	\N	\N	\N	\N
70	17	\N	\N	\N	\N	\N
70	18	\N	\N	\N	\N	\N
70	19	\N	\N	\N	\N	\N
70	20	\N	\N	\N	\N	\N
70	21	\N	\N	\N	\N	\N
70	22	\N	\N	\N	\N	\N
70	23	\N	\N	\N	\N	\N
70	24	\N	\N	\N	\N	\N
70	25	\N	\N	\N	\N	\N
70	26	\N	\N	\N	\N	\N
71	1	\N	\N	\N	\N	\N
71	2	\N	\N	\N	\N	\N
71	3	\N	\N	\N	\N	\N
71	4	\N	\N	\N	\N	\N
71	5	\N	\N	\N	\N	\N
71	6	\N	\N	\N	\N	\N
71	7	\N	\N	\N	\N	\N
71	8	\N	\N	\N	\N	\N
71	9	\N	\N	\N	\N	\N
71	10	\N	\N	\N	\N	\N
71	11	\N	\N	\N	\N	\N
71	12	\N	\N	\N	\N	\N
71	13	\N	\N	\N	\N	\N
71	14	\N	\N	\N	\N	\N
71	15	\N	\N	\N	\N	\N
71	16	\N	\N	\N	\N	\N
71	17	\N	\N	\N	\N	\N
71	18	\N	\N	\N	\N	\N
71	19	\N	\N	\N	\N	\N
71	20	\N	\N	\N	\N	\N
71	21	\N	\N	\N	\N	\N
71	22	\N	\N	\N	\N	\N
71	23	\N	\N	\N	\N	\N
71	24	\N	\N	\N	\N	\N
71	25	\N	\N	\N	\N	\N
71	26	\N	\N	\N	\N	\N
72	1	\N	\N	\N	\N	\N
72	2	\N	\N	\N	\N	\N
72	3	\N	\N	\N	\N	\N
72	4	\N	\N	\N	\N	\N
72	5	\N	\N	\N	\N	\N
72	6	\N	\N	\N	\N	\N
72	7	\N	\N	\N	\N	\N
72	8	\N	\N	\N	\N	\N
72	9	\N	\N	\N	\N	\N
72	10	\N	\N	\N	\N	\N
72	11	\N	\N	\N	\N	\N
72	12	\N	\N	\N	\N	\N
72	13	\N	\N	\N	\N	\N
72	14	\N	\N	\N	\N	\N
72	15	\N	\N	\N	\N	\N
72	16	\N	\N	\N	\N	\N
72	17	\N	\N	\N	\N	\N
72	18	\N	\N	\N	\N	\N
72	19	\N	\N	\N	\N	\N
72	20	\N	\N	\N	\N	\N
72	21	\N	\N	\N	\N	\N
72	22	\N	\N	\N	\N	\N
72	23	\N	\N	\N	\N	\N
72	24	\N	\N	\N	\N	\N
72	25	\N	\N	\N	\N	\N
72	26	\N	\N	\N	\N	\N
73	1	\N	\N	\N	\N	\N
73	2	\N	\N	\N	\N	\N
73	3	\N	\N	\N	\N	\N
73	4	\N	\N	\N	\N	\N
73	5	\N	\N	\N	\N	\N
73	6	\N	\N	\N	\N	\N
73	7	\N	\N	\N	\N	\N
73	8	\N	\N	\N	\N	\N
73	9	\N	\N	\N	\N	\N
73	10	\N	\N	\N	\N	\N
73	11	\N	\N	\N	\N	\N
73	12	\N	\N	\N	\N	\N
73	13	\N	\N	\N	\N	\N
73	14	\N	\N	\N	\N	\N
73	15	\N	\N	\N	\N	\N
73	16	\N	\N	\N	\N	\N
73	17	\N	\N	\N	\N	\N
73	18	\N	\N	\N	\N	\N
73	19	\N	\N	\N	\N	\N
73	20	\N	\N	\N	\N	\N
73	21	\N	\N	\N	\N	\N
73	22	\N	\N	\N	\N	\N
73	23	\N	\N	\N	\N	\N
73	24	\N	\N	\N	\N	\N
73	25	\N	\N	\N	\N	\N
73	26	\N	\N	\N	\N	\N
74	1	\N	\N	\N	\N	\N
74	2	\N	\N	\N	\N	\N
74	3	\N	\N	\N	\N	\N
74	4	\N	\N	\N	\N	\N
74	5	\N	\N	\N	\N	\N
74	6	\N	\N	\N	\N	\N
74	7	\N	\N	\N	\N	\N
74	8	\N	\N	\N	\N	\N
74	9	\N	\N	\N	\N	\N
74	10	\N	\N	\N	\N	\N
74	11	\N	\N	\N	\N	\N
74	12	\N	\N	\N	\N	\N
74	13	\N	\N	\N	\N	\N
74	14	\N	\N	\N	\N	\N
74	15	\N	\N	\N	\N	\N
74	16	\N	\N	\N	\N	\N
74	17	\N	\N	\N	\N	\N
74	18	\N	\N	\N	\N	\N
74	19	\N	\N	\N	\N	\N
74	20	\N	\N	\N	\N	\N
74	21	\N	\N	\N	\N	\N
74	22	\N	\N	\N	\N	\N
74	23	\N	\N	\N	\N	\N
74	24	\N	\N	\N	\N	\N
74	25	\N	\N	\N	\N	\N
74	26	\N	\N	\N	\N	\N
75	1	\N	\N	\N	\N	\N
75	2	\N	\N	\N	\N	\N
75	3	\N	\N	\N	\N	\N
75	4	\N	\N	\N	\N	\N
75	5	\N	\N	\N	\N	\N
75	6	\N	\N	\N	\N	\N
75	7	\N	\N	\N	\N	\N
75	8	\N	\N	\N	\N	\N
75	9	\N	\N	\N	\N	\N
75	10	\N	\N	\N	\N	\N
75	11	\N	\N	\N	\N	\N
75	12	\N	\N	\N	\N	\N
75	13	\N	\N	\N	\N	\N
75	14	\N	\N	\N	\N	\N
75	15	\N	\N	\N	\N	\N
75	16	\N	\N	\N	\N	\N
75	17	\N	\N	\N	\N	\N
75	18	\N	\N	\N	\N	\N
75	19	\N	\N	\N	\N	\N
75	20	\N	\N	\N	\N	\N
75	21	\N	\N	\N	\N	\N
75	22	\N	\N	\N	\N	\N
75	23	\N	\N	\N	\N	\N
75	24	\N	\N	\N	\N	\N
75	25	\N	\N	\N	\N	\N
75	26	\N	\N	\N	\N	\N
76	1	\N	\N	\N	\N	\N
76	2	\N	\N	\N	\N	\N
76	3	\N	\N	\N	\N	\N
76	4	\N	\N	\N	\N	\N
76	5	\N	\N	\N	\N	\N
76	6	\N	\N	\N	\N	\N
76	7	\N	\N	\N	\N	\N
76	8	\N	\N	\N	\N	\N
76	9	\N	\N	\N	\N	\N
76	10	\N	\N	\N	\N	\N
76	11	\N	\N	\N	\N	\N
76	12	\N	\N	\N	\N	\N
76	13	\N	\N	\N	\N	\N
76	14	\N	\N	\N	\N	\N
76	15	\N	\N	\N	\N	\N
76	16	\N	\N	\N	\N	\N
76	17	\N	\N	\N	\N	\N
76	18	\N	\N	\N	\N	\N
76	19	\N	\N	\N	\N	\N
76	20	\N	\N	\N	\N	\N
76	21	\N	\N	\N	\N	\N
76	22	\N	\N	\N	\N	\N
76	23	\N	\N	\N	\N	\N
76	24	\N	\N	\N	\N	\N
76	25	\N	\N	\N	\N	\N
76	26	\N	\N	\N	\N	\N
77	1	\N	\N	\N	\N	\N
77	2	\N	\N	\N	\N	\N
77	3	\N	\N	\N	\N	\N
77	4	\N	\N	\N	\N	\N
77	5	\N	\N	\N	\N	\N
77	6	\N	\N	\N	\N	\N
77	7	\N	\N	\N	\N	\N
77	8	\N	\N	\N	\N	\N
77	9	\N	\N	\N	\N	\N
77	10	\N	\N	\N	\N	\N
77	11	\N	\N	\N	\N	\N
77	12	\N	\N	\N	\N	\N
77	13	\N	\N	\N	\N	\N
77	14	\N	\N	\N	\N	\N
77	15	\N	\N	\N	\N	\N
77	16	\N	\N	\N	\N	\N
77	17	\N	\N	\N	\N	\N
77	18	\N	\N	\N	\N	\N
77	19	\N	\N	\N	\N	\N
77	20	\N	\N	\N	\N	\N
77	21	\N	\N	\N	\N	\N
77	22	\N	\N	\N	\N	\N
77	23	\N	\N	\N	\N	\N
77	24	\N	\N	\N	\N	\N
77	25	\N	\N	\N	\N	\N
77	26	\N	\N	\N	\N	\N
78	1	\N	\N	\N	\N	\N
78	2	\N	\N	\N	\N	\N
78	3	\N	\N	\N	\N	\N
78	4	\N	\N	\N	\N	\N
78	5	\N	\N	\N	\N	\N
78	6	\N	\N	\N	\N	\N
78	7	\N	\N	\N	\N	\N
78	8	\N	\N	\N	\N	\N
78	9	\N	\N	\N	\N	\N
78	10	\N	\N	\N	\N	\N
78	11	\N	\N	\N	\N	\N
78	12	\N	\N	\N	\N	\N
78	13	\N	\N	\N	\N	\N
78	14	\N	\N	\N	\N	\N
78	15	\N	\N	\N	\N	\N
78	16	\N	\N	\N	\N	\N
78	17	\N	\N	\N	\N	\N
78	18	\N	\N	\N	\N	\N
78	19	\N	\N	\N	\N	\N
78	20	\N	\N	\N	\N	\N
78	21	\N	\N	\N	\N	\N
78	22	\N	\N	\N	\N	\N
78	23	\N	\N	\N	\N	\N
78	24	\N	\N	\N	\N	\N
78	25	\N	\N	\N	\N	\N
78	26	\N	\N	\N	\N	\N
79	1	\N	\N	\N	\N	\N
79	2	\N	\N	\N	\N	\N
79	3	\N	\N	\N	\N	\N
79	4	\N	\N	\N	\N	\N
79	5	\N	\N	\N	\N	\N
79	6	\N	\N	\N	\N	\N
79	7	\N	\N	\N	\N	\N
79	8	\N	\N	\N	\N	\N
79	9	\N	\N	\N	\N	\N
79	10	\N	\N	\N	\N	\N
79	11	\N	\N	\N	\N	\N
79	12	\N	\N	\N	\N	\N
79	13	\N	\N	\N	\N	\N
79	14	\N	\N	\N	\N	\N
79	15	\N	\N	\N	\N	\N
79	16	\N	\N	\N	\N	\N
79	17	\N	\N	\N	\N	\N
79	18	\N	\N	\N	\N	\N
79	19	\N	\N	\N	\N	\N
79	20	\N	\N	\N	\N	\N
79	21	\N	\N	\N	\N	\N
79	22	\N	\N	\N	\N	\N
79	23	\N	\N	\N	\N	\N
79	24	\N	\N	\N	\N	\N
79	25	\N	\N	\N	\N	\N
79	26	\N	\N	\N	\N	\N
80	1	\N	\N	\N	\N	\N
80	2	\N	\N	\N	\N	\N
80	3	\N	\N	\N	\N	\N
80	4	\N	\N	\N	\N	\N
80	5	\N	\N	\N	\N	\N
80	6	\N	\N	\N	\N	\N
80	7	\N	\N	\N	\N	\N
80	8	\N	\N	\N	\N	\N
80	9	\N	\N	\N	\N	\N
80	10	\N	\N	\N	\N	\N
80	11	\N	\N	\N	\N	\N
80	12	\N	\N	\N	\N	\N
80	13	\N	\N	\N	\N	\N
80	14	\N	\N	\N	\N	\N
80	15	\N	\N	\N	\N	\N
80	16	\N	\N	\N	\N	\N
80	17	\N	\N	\N	\N	\N
80	18	\N	\N	\N	\N	\N
80	19	\N	\N	\N	\N	\N
80	20	\N	\N	\N	\N	\N
80	21	\N	\N	\N	\N	\N
80	22	\N	\N	\N	\N	\N
80	23	\N	\N	\N	\N	\N
80	24	\N	\N	\N	\N	\N
80	25	\N	\N	\N	\N	\N
80	26	\N	\N	\N	\N	\N
81	1	\N	\N	\N	\N	\N
81	2	\N	\N	\N	\N	\N
81	3	\N	\N	\N	\N	\N
81	4	\N	\N	\N	\N	\N
81	5	\N	\N	\N	\N	\N
81	6	\N	\N	\N	\N	\N
81	7	\N	\N	\N	\N	\N
81	8	\N	\N	\N	\N	\N
81	9	\N	\N	\N	\N	\N
81	10	\N	\N	\N	\N	\N
81	11	\N	\N	\N	\N	\N
81	12	\N	\N	\N	\N	\N
81	13	\N	\N	\N	\N	\N
81	14	\N	\N	\N	\N	\N
81	15	\N	\N	\N	\N	\N
81	16	\N	\N	\N	\N	\N
81	17	\N	\N	\N	\N	\N
81	18	\N	\N	\N	\N	\N
81	19	\N	\N	\N	\N	\N
81	20	\N	\N	\N	\N	\N
81	21	\N	\N	\N	\N	\N
81	22	\N	\N	\N	\N	\N
81	23	\N	\N	\N	\N	\N
81	24	\N	\N	\N	\N	\N
81	25	\N	\N	\N	\N	\N
81	26	\N	\N	\N	\N	\N
82	1	\N	\N	\N	\N	\N
82	2	\N	\N	\N	\N	\N
82	3	\N	\N	\N	\N	\N
82	4	\N	\N	\N	\N	\N
82	5	\N	\N	\N	\N	\N
82	6	\N	\N	\N	\N	\N
82	7	\N	\N	\N	\N	\N
82	8	\N	\N	\N	\N	\N
82	9	\N	\N	\N	\N	\N
82	10	\N	\N	\N	\N	\N
82	11	\N	\N	\N	\N	\N
82	12	\N	\N	\N	\N	\N
82	13	\N	\N	\N	\N	\N
82	14	\N	\N	\N	\N	\N
82	15	\N	\N	\N	\N	\N
82	16	\N	\N	\N	\N	\N
82	17	\N	\N	\N	\N	\N
82	18	\N	\N	\N	\N	\N
82	19	\N	\N	\N	\N	\N
82	20	\N	\N	\N	\N	\N
82	21	\N	\N	\N	\N	\N
82	22	\N	\N	\N	\N	\N
82	23	\N	\N	\N	\N	\N
82	24	\N	\N	\N	\N	\N
82	25	\N	\N	\N	\N	\N
82	26	\N	\N	\N	\N	\N
83	1	\N	\N	\N	\N	\N
83	2	\N	\N	\N	\N	\N
83	3	\N	\N	\N	\N	\N
83	4	\N	\N	\N	\N	\N
83	5	\N	\N	\N	\N	\N
83	6	\N	\N	\N	\N	\N
83	7	\N	\N	\N	\N	\N
83	8	\N	\N	\N	\N	\N
83	9	\N	\N	\N	\N	\N
83	10	\N	\N	\N	\N	\N
83	11	\N	\N	\N	\N	\N
83	12	\N	\N	\N	\N	\N
83	13	\N	\N	\N	\N	\N
83	14	\N	\N	\N	\N	\N
83	15	\N	\N	\N	\N	\N
83	16	\N	\N	\N	\N	\N
83	17	\N	\N	\N	\N	\N
83	18	\N	\N	\N	\N	\N
83	19	\N	\N	\N	\N	\N
83	20	\N	\N	\N	\N	\N
83	21	\N	\N	\N	\N	\N
83	22	\N	\N	\N	\N	\N
83	23	\N	\N	\N	\N	\N
83	24	\N	\N	\N	\N	\N
83	25	\N	\N	\N	\N	\N
83	26	\N	\N	\N	\N	\N
84	1	\N	\N	\N	\N	\N
84	2	\N	\N	\N	\N	\N
84	3	\N	\N	\N	\N	\N
84	4	\N	\N	\N	\N	\N
84	5	\N	\N	\N	\N	\N
84	6	\N	\N	\N	\N	\N
84	7	\N	\N	\N	\N	\N
84	8	\N	\N	\N	\N	\N
84	9	\N	\N	\N	\N	\N
84	10	\N	\N	\N	\N	\N
84	11	\N	\N	\N	\N	\N
84	12	\N	\N	\N	\N	\N
84	13	\N	\N	\N	\N	\N
84	14	\N	\N	\N	\N	\N
84	15	\N	\N	\N	\N	\N
84	16	\N	\N	\N	\N	\N
84	17	\N	\N	\N	\N	\N
84	18	\N	\N	\N	\N	\N
84	19	\N	\N	\N	\N	\N
84	20	\N	\N	\N	\N	\N
84	21	\N	\N	\N	\N	\N
84	22	\N	\N	\N	\N	\N
84	23	\N	\N	\N	\N	\N
84	24	\N	\N	\N	\N	\N
84	25	\N	\N	\N	\N	\N
84	26	\N	\N	\N	\N	\N
85	1	\N	\N	\N	\N	\N
85	2	\N	\N	\N	\N	\N
85	3	\N	\N	\N	\N	\N
85	4	\N	\N	\N	\N	\N
85	5	\N	\N	\N	\N	\N
85	6	\N	\N	\N	\N	\N
85	7	\N	\N	\N	\N	\N
85	8	\N	\N	\N	\N	\N
85	9	\N	\N	\N	\N	\N
85	10	\N	\N	\N	\N	\N
85	11	\N	\N	\N	\N	\N
85	12	\N	\N	\N	\N	\N
85	13	\N	\N	\N	\N	\N
85	14	\N	\N	\N	\N	\N
85	15	\N	\N	\N	\N	\N
85	16	\N	\N	\N	\N	\N
85	17	\N	\N	\N	\N	\N
85	18	\N	\N	\N	\N	\N
85	19	\N	\N	\N	\N	\N
85	20	\N	\N	\N	\N	\N
85	21	\N	\N	\N	\N	\N
85	22	\N	\N	\N	\N	\N
85	23	\N	\N	\N	\N	\N
85	24	\N	\N	\N	\N	\N
85	25	\N	\N	\N	\N	\N
85	26	\N	\N	\N	\N	\N
86	1	\N	\N	\N	\N	\N
86	2	\N	\N	\N	\N	\N
86	3	\N	\N	\N	\N	\N
86	4	\N	\N	\N	\N	\N
86	5	\N	\N	\N	\N	\N
86	6	\N	\N	\N	\N	\N
86	7	\N	\N	\N	\N	\N
86	8	\N	\N	\N	\N	\N
86	9	\N	\N	\N	\N	\N
86	10	\N	\N	\N	\N	\N
86	11	\N	\N	\N	\N	\N
86	12	\N	\N	\N	\N	\N
86	13	\N	\N	\N	\N	\N
86	14	\N	\N	\N	\N	\N
86	15	\N	\N	\N	\N	\N
86	16	\N	\N	\N	\N	\N
86	17	\N	\N	\N	\N	\N
86	18	\N	\N	\N	\N	\N
86	19	\N	\N	\N	\N	\N
86	20	\N	\N	\N	\N	\N
86	21	\N	\N	\N	\N	\N
86	22	\N	\N	\N	\N	\N
86	23	\N	\N	\N	\N	\N
86	24	\N	\N	\N	\N	\N
86	25	\N	\N	\N	\N	\N
86	26	\N	\N	\N	\N	\N
87	1	\N	\N	\N	\N	\N
87	2	\N	\N	\N	\N	\N
87	3	\N	\N	\N	\N	\N
87	4	\N	\N	\N	\N	\N
87	5	\N	\N	\N	\N	\N
87	6	\N	\N	\N	\N	\N
87	7	\N	\N	\N	\N	\N
87	8	\N	\N	\N	\N	\N
87	9	\N	\N	\N	\N	\N
87	10	\N	\N	\N	\N	\N
87	11	\N	\N	\N	\N	\N
87	12	\N	\N	\N	\N	\N
87	13	\N	\N	\N	\N	\N
87	14	\N	\N	\N	\N	\N
87	15	\N	\N	\N	\N	\N
87	16	\N	\N	\N	\N	\N
87	17	\N	\N	\N	\N	\N
87	18	\N	\N	\N	\N	\N
87	19	\N	\N	\N	\N	\N
87	20	\N	\N	\N	\N	\N
87	21	\N	\N	\N	\N	\N
87	22	\N	\N	\N	\N	\N
87	23	\N	\N	\N	\N	\N
87	24	\N	\N	\N	\N	\N
87	25	\N	\N	\N	\N	\N
87	26	\N	\N	\N	\N	\N
88	1	\N	\N	\N	\N	\N
88	2	\N	\N	\N	\N	\N
88	3	\N	\N	\N	\N	\N
88	4	\N	\N	\N	\N	\N
88	5	\N	\N	\N	\N	\N
88	6	\N	\N	\N	\N	\N
88	7	\N	\N	\N	\N	\N
88	8	\N	\N	\N	\N	\N
88	9	\N	\N	\N	\N	\N
88	10	\N	\N	\N	\N	\N
88	11	\N	\N	\N	\N	\N
88	12	\N	\N	\N	\N	\N
88	13	\N	\N	\N	\N	\N
88	14	\N	\N	\N	\N	\N
88	15	\N	\N	\N	\N	\N
88	16	\N	\N	\N	\N	\N
88	17	\N	\N	\N	\N	\N
88	18	\N	\N	\N	\N	\N
88	19	\N	\N	\N	\N	\N
88	20	\N	\N	\N	\N	\N
88	21	\N	\N	\N	\N	\N
88	22	\N	\N	\N	\N	\N
88	23	\N	\N	\N	\N	\N
88	24	\N	\N	\N	\N	\N
88	25	\N	\N	\N	\N	\N
88	26	\N	\N	\N	\N	\N
89	1	\N	\N	\N	\N	\N
89	2	\N	\N	\N	\N	\N
89	3	\N	\N	\N	\N	\N
89	4	\N	\N	\N	\N	\N
89	5	\N	\N	\N	\N	\N
89	6	\N	\N	\N	\N	\N
89	7	\N	\N	\N	\N	\N
89	8	\N	\N	\N	\N	\N
89	9	\N	\N	\N	\N	\N
89	10	\N	\N	\N	\N	\N
89	11	\N	\N	\N	\N	\N
89	12	\N	\N	\N	\N	\N
89	13	\N	\N	\N	\N	\N
89	14	\N	\N	\N	\N	\N
89	15	\N	\N	\N	\N	\N
89	16	\N	\N	\N	\N	\N
89	17	\N	\N	\N	\N	\N
89	18	\N	\N	\N	\N	\N
89	19	\N	\N	\N	\N	\N
89	20	\N	\N	\N	\N	\N
89	21	\N	\N	\N	\N	\N
89	22	\N	\N	\N	\N	\N
89	23	\N	\N	\N	\N	\N
89	24	\N	\N	\N	\N	\N
89	25	\N	\N	\N	\N	\N
89	26	\N	\N	\N	\N	\N
90	1	\N	\N	\N	\N	\N
90	2	\N	\N	\N	\N	\N
90	3	\N	\N	\N	\N	\N
90	4	\N	\N	\N	\N	\N
90	5	\N	\N	\N	\N	\N
90	6	\N	\N	\N	\N	\N
90	7	\N	\N	\N	\N	\N
90	8	\N	\N	\N	\N	\N
90	9	\N	\N	\N	\N	\N
90	10	\N	\N	\N	\N	\N
90	11	\N	\N	\N	\N	\N
90	12	\N	\N	\N	\N	\N
90	13	\N	\N	\N	\N	\N
90	14	\N	\N	\N	\N	\N
90	15	\N	\N	\N	\N	\N
90	16	\N	\N	\N	\N	\N
90	17	\N	\N	\N	\N	\N
90	18	\N	\N	\N	\N	\N
90	19	\N	\N	\N	\N	\N
90	20	\N	\N	\N	\N	\N
90	21	\N	\N	\N	\N	\N
90	22	\N	\N	\N	\N	\N
90	23	\N	\N	\N	\N	\N
90	24	\N	\N	\N	\N	\N
90	25	\N	\N	\N	\N	\N
90	26	\N	\N	\N	\N	\N
91	1	\N	\N	\N	\N	\N
91	2	\N	\N	\N	\N	\N
91	3	\N	\N	\N	\N	\N
91	4	\N	\N	\N	\N	\N
91	5	\N	\N	\N	\N	\N
91	6	\N	\N	\N	\N	\N
91	7	\N	\N	\N	\N	\N
91	8	\N	\N	\N	\N	\N
91	9	\N	\N	\N	\N	\N
91	10	\N	\N	\N	\N	\N
91	11	\N	\N	\N	\N	\N
91	12	\N	\N	\N	\N	\N
91	13	\N	\N	\N	\N	\N
91	14	\N	\N	\N	\N	\N
91	15	\N	\N	\N	\N	\N
91	16	\N	\N	\N	\N	\N
91	17	\N	\N	\N	\N	\N
91	18	\N	\N	\N	\N	\N
91	19	\N	\N	\N	\N	\N
91	20	\N	\N	\N	\N	\N
91	21	\N	\N	\N	\N	\N
91	22	\N	\N	\N	\N	\N
91	23	\N	\N	\N	\N	\N
91	24	\N	\N	\N	\N	\N
91	25	\N	\N	\N	\N	\N
91	26	\N	\N	\N	\N	\N
92	1	\N	\N	\N	\N	\N
92	2	\N	\N	\N	\N	\N
92	3	\N	\N	\N	\N	\N
92	4	\N	\N	\N	\N	\N
92	5	\N	\N	\N	\N	\N
92	6	\N	\N	\N	\N	\N
92	7	\N	\N	\N	\N	\N
92	8	\N	\N	\N	\N	\N
92	9	\N	\N	\N	\N	\N
92	10	\N	\N	\N	\N	\N
92	11	\N	\N	\N	\N	\N
92	12	\N	\N	\N	\N	\N
92	13	\N	\N	\N	\N	\N
92	14	\N	\N	\N	\N	\N
92	15	\N	\N	\N	\N	\N
92	16	\N	\N	\N	\N	\N
92	17	\N	\N	\N	\N	\N
92	18	\N	\N	\N	\N	\N
92	19	\N	\N	\N	\N	\N
92	20	\N	\N	\N	\N	\N
92	21	\N	\N	\N	\N	\N
92	22	\N	\N	\N	\N	\N
92	23	\N	\N	\N	\N	\N
92	24	\N	\N	\N	\N	\N
92	25	\N	\N	\N	\N	\N
92	26	\N	\N	\N	\N	\N
93	1	\N	\N	\N	\N	\N
93	2	\N	\N	\N	\N	\N
93	3	\N	\N	\N	\N	\N
93	4	\N	\N	\N	\N	\N
93	5	\N	\N	\N	\N	\N
93	6	\N	\N	\N	\N	\N
93	7	\N	\N	\N	\N	\N
93	8	\N	\N	\N	\N	\N
93	9	\N	\N	\N	\N	\N
93	10	\N	\N	\N	\N	\N
93	11	\N	\N	\N	\N	\N
93	12	\N	\N	\N	\N	\N
93	13	\N	\N	\N	\N	\N
93	14	\N	\N	\N	\N	\N
93	15	\N	\N	\N	\N	\N
93	16	\N	\N	\N	\N	\N
93	17	\N	\N	\N	\N	\N
93	18	\N	\N	\N	\N	\N
93	19	\N	\N	\N	\N	\N
93	20	\N	\N	\N	\N	\N
93	21	\N	\N	\N	\N	\N
93	22	\N	\N	\N	\N	\N
93	23	\N	\N	\N	\N	\N
93	24	\N	\N	\N	\N	\N
93	25	\N	\N	\N	\N	\N
93	26	\N	\N	\N	\N	\N
94	1	\N	\N	\N	\N	\N
94	2	\N	\N	\N	\N	\N
94	3	\N	\N	\N	\N	\N
94	4	\N	\N	\N	\N	\N
94	5	\N	\N	\N	\N	\N
94	6	\N	\N	\N	\N	\N
94	7	\N	\N	\N	\N	\N
94	8	\N	\N	\N	\N	\N
94	9	\N	\N	\N	\N	\N
94	10	\N	\N	\N	\N	\N
94	11	\N	\N	\N	\N	\N
94	12	\N	\N	\N	\N	\N
94	13	\N	\N	\N	\N	\N
94	14	\N	\N	\N	\N	\N
94	15	\N	\N	\N	\N	\N
94	16	\N	\N	\N	\N	\N
94	17	\N	\N	\N	\N	\N
94	18	\N	\N	\N	\N	\N
94	19	\N	\N	\N	\N	\N
94	20	\N	\N	\N	\N	\N
94	21	\N	\N	\N	\N	\N
94	22	\N	\N	\N	\N	\N
94	23	\N	\N	\N	\N	\N
94	24	\N	\N	\N	\N	\N
94	25	\N	\N	\N	\N	\N
94	26	\N	\N	\N	\N	\N
95	1	\N	\N	\N	\N	\N
95	2	\N	\N	\N	\N	\N
95	3	\N	\N	\N	\N	\N
95	4	\N	\N	\N	\N	\N
95	5	\N	\N	\N	\N	\N
95	6	\N	\N	\N	\N	\N
95	7	\N	\N	\N	\N	\N
95	8	\N	\N	\N	\N	\N
95	9	\N	\N	\N	\N	\N
95	10	\N	\N	\N	\N	\N
95	11	\N	\N	\N	\N	\N
95	12	\N	\N	\N	\N	\N
95	13	\N	\N	\N	\N	\N
95	14	\N	\N	\N	\N	\N
95	15	\N	\N	\N	\N	\N
95	16	\N	\N	\N	\N	\N
95	17	\N	\N	\N	\N	\N
95	18	\N	\N	\N	\N	\N
95	19	\N	\N	\N	\N	\N
95	20	\N	\N	\N	\N	\N
95	21	\N	\N	\N	\N	\N
95	22	\N	\N	\N	\N	\N
95	23	\N	\N	\N	\N	\N
95	24	\N	\N	\N	\N	\N
95	25	\N	\N	\N	\N	\N
95	26	\N	\N	\N	\N	\N
96	1	\N	\N	\N	\N	\N
96	2	\N	\N	\N	\N	\N
96	3	\N	\N	\N	\N	\N
96	4	\N	\N	\N	\N	\N
96	5	\N	\N	\N	\N	\N
96	6	\N	\N	\N	\N	\N
96	7	\N	\N	\N	\N	\N
96	8	\N	\N	\N	\N	\N
96	9	\N	\N	\N	\N	\N
96	10	\N	\N	\N	\N	\N
96	11	\N	\N	\N	\N	\N
96	12	\N	\N	\N	\N	\N
96	13	\N	\N	\N	\N	\N
96	14	\N	\N	\N	\N	\N
96	15	\N	\N	\N	\N	\N
96	16	\N	\N	\N	\N	\N
96	17	\N	\N	\N	\N	\N
96	18	\N	\N	\N	\N	\N
96	19	\N	\N	\N	\N	\N
96	20	\N	\N	\N	\N	\N
96	21	\N	\N	\N	\N	\N
96	22	\N	\N	\N	\N	\N
96	23	\N	\N	\N	\N	\N
96	24	\N	\N	\N	\N	\N
96	25	\N	\N	\N	\N	\N
96	26	\N	\N	\N	\N	\N
97	1	\N	\N	\N	\N	\N
97	2	\N	\N	\N	\N	\N
97	3	\N	\N	\N	\N	\N
97	4	\N	\N	\N	\N	\N
97	5	\N	\N	\N	\N	\N
97	6	\N	\N	\N	\N	\N
97	7	\N	\N	\N	\N	\N
97	8	\N	\N	\N	\N	\N
97	9	\N	\N	\N	\N	\N
97	10	\N	\N	\N	\N	\N
97	11	\N	\N	\N	\N	\N
97	12	\N	\N	\N	\N	\N
97	13	\N	\N	\N	\N	\N
97	14	\N	\N	\N	\N	\N
97	15	\N	\N	\N	\N	\N
97	16	\N	\N	\N	\N	\N
97	17	\N	\N	\N	\N	\N
97	18	\N	\N	\N	\N	\N
97	19	\N	\N	\N	\N	\N
97	20	\N	\N	\N	\N	\N
97	21	\N	\N	\N	\N	\N
97	22	\N	\N	\N	\N	\N
97	23	\N	\N	\N	\N	\N
97	24	\N	\N	\N	\N	\N
97	25	\N	\N	\N	\N	\N
97	26	\N	\N	\N	\N	\N
98	1	\N	\N	\N	\N	\N
98	2	\N	\N	\N	\N	\N
98	3	\N	\N	\N	\N	\N
98	4	\N	\N	\N	\N	\N
98	5	\N	\N	\N	\N	\N
98	6	\N	\N	\N	\N	\N
98	7	\N	\N	\N	\N	\N
98	8	\N	\N	\N	\N	\N
98	9	\N	\N	\N	\N	\N
98	10	\N	\N	\N	\N	\N
98	11	\N	\N	\N	\N	\N
98	12	\N	\N	\N	\N	\N
98	13	\N	\N	\N	\N	\N
98	14	\N	\N	\N	\N	\N
98	15	\N	\N	\N	\N	\N
98	16	\N	\N	\N	\N	\N
98	17	\N	\N	\N	\N	\N
98	18	\N	\N	\N	\N	\N
98	19	\N	\N	\N	\N	\N
98	20	\N	\N	\N	\N	\N
98	21	\N	\N	\N	\N	\N
98	22	\N	\N	\N	\N	\N
98	23	\N	\N	\N	\N	\N
98	24	\N	\N	\N	\N	\N
98	25	\N	\N	\N	\N	\N
98	26	\N	\N	\N	\N	\N
99	1	\N	\N	\N	\N	\N
99	2	\N	\N	\N	\N	\N
99	3	\N	\N	\N	\N	\N
99	4	\N	\N	\N	\N	\N
99	5	\N	\N	\N	\N	\N
99	6	\N	\N	\N	\N	\N
99	7	\N	\N	\N	\N	\N
99	8	\N	\N	\N	\N	\N
99	9	\N	\N	\N	\N	\N
99	10	\N	\N	\N	\N	\N
99	11	\N	\N	\N	\N	\N
99	12	\N	\N	\N	\N	\N
99	13	\N	\N	\N	\N	\N
99	14	\N	\N	\N	\N	\N
99	15	\N	\N	\N	\N	\N
99	16	\N	\N	\N	\N	\N
99	17	\N	\N	\N	\N	\N
99	18	\N	\N	\N	\N	\N
99	19	\N	\N	\N	\N	\N
99	20	\N	\N	\N	\N	\N
99	21	\N	\N	\N	\N	\N
99	22	\N	\N	\N	\N	\N
99	23	\N	\N	\N	\N	\N
99	24	\N	\N	\N	\N	\N
99	25	\N	\N	\N	\N	\N
99	26	\N	\N	\N	\N	\N
100	1	\N	\N	\N	\N	\N
100	2	\N	\N	\N	\N	\N
100	3	\N	\N	\N	\N	\N
100	4	\N	\N	\N	\N	\N
100	5	\N	\N	\N	\N	\N
100	6	\N	\N	\N	\N	\N
100	7	\N	\N	\N	\N	\N
100	8	\N	\N	\N	\N	\N
100	9	\N	\N	\N	\N	\N
100	10	\N	\N	\N	\N	\N
100	11	\N	\N	\N	\N	\N
100	12	\N	\N	\N	\N	\N
100	13	\N	\N	\N	\N	\N
100	14	\N	\N	\N	\N	\N
100	15	\N	\N	\N	\N	\N
100	16	\N	\N	\N	\N	\N
100	17	\N	\N	\N	\N	\N
100	18	\N	\N	\N	\N	\N
100	19	\N	\N	\N	\N	\N
100	20	\N	\N	\N	\N	\N
100	21	\N	\N	\N	\N	\N
100	22	\N	\N	\N	\N	\N
100	23	\N	\N	\N	\N	\N
100	24	\N	\N	\N	\N	\N
100	25	\N	\N	\N	\N	\N
100	26	\N	\N	\N	\N	\N
101	1	\N	\N	\N	\N	\N
101	2	\N	\N	\N	\N	\N
101	3	\N	\N	\N	\N	\N
101	4	\N	\N	\N	\N	\N
101	5	\N	\N	\N	\N	\N
101	6	\N	\N	\N	\N	\N
101	7	\N	\N	\N	\N	\N
101	8	\N	\N	\N	\N	\N
101	9	\N	\N	\N	\N	\N
101	10	\N	\N	\N	\N	\N
101	11	\N	\N	\N	\N	\N
101	12	\N	\N	\N	\N	\N
101	13	\N	\N	\N	\N	\N
101	14	\N	\N	\N	\N	\N
101	15	\N	\N	\N	\N	\N
101	16	\N	\N	\N	\N	\N
101	17	\N	\N	\N	\N	\N
101	18	\N	\N	\N	\N	\N
101	19	\N	\N	\N	\N	\N
101	20	\N	\N	\N	\N	\N
101	21	\N	\N	\N	\N	\N
101	22	\N	\N	\N	\N	\N
101	23	\N	\N	\N	\N	\N
101	24	\N	\N	\N	\N	\N
101	25	\N	\N	\N	\N	\N
101	26	\N	\N	\N	\N	\N
102	1	\N	\N	\N	\N	\N
102	2	\N	\N	\N	\N	\N
102	3	\N	\N	\N	\N	\N
102	4	\N	\N	\N	\N	\N
102	5	\N	\N	\N	\N	\N
102	6	\N	\N	\N	\N	\N
102	7	\N	\N	\N	\N	\N
102	8	\N	\N	\N	\N	\N
102	9	\N	\N	\N	\N	\N
102	10	\N	\N	\N	\N	\N
102	11	\N	\N	\N	\N	\N
102	12	\N	\N	\N	\N	\N
102	13	\N	\N	\N	\N	\N
102	14	\N	\N	\N	\N	\N
102	15	\N	\N	\N	\N	\N
102	16	\N	\N	\N	\N	\N
102	17	\N	\N	\N	\N	\N
102	18	\N	\N	\N	\N	\N
102	19	\N	\N	\N	\N	\N
102	20	\N	\N	\N	\N	\N
102	21	\N	\N	\N	\N	\N
102	22	\N	\N	\N	\N	\N
102	23	\N	\N	\N	\N	\N
102	24	\N	\N	\N	\N	\N
102	25	\N	\N	\N	\N	\N
102	26	\N	\N	\N	\N	\N
103	1	\N	\N	\N	\N	\N
103	2	\N	\N	\N	\N	\N
103	3	\N	\N	\N	\N	\N
103	4	\N	\N	\N	\N	\N
103	5	\N	\N	\N	\N	\N
103	6	\N	\N	\N	\N	\N
103	7	\N	\N	\N	\N	\N
103	8	\N	\N	\N	\N	\N
103	9	\N	\N	\N	\N	\N
103	10	\N	\N	\N	\N	\N
103	11	\N	\N	\N	\N	\N
103	12	\N	\N	\N	\N	\N
103	13	\N	\N	\N	\N	\N
103	14	\N	\N	\N	\N	\N
103	15	\N	\N	\N	\N	\N
103	16	\N	\N	\N	\N	\N
103	17	\N	\N	\N	\N	\N
103	18	\N	\N	\N	\N	\N
103	19	\N	\N	\N	\N	\N
103	20	\N	\N	\N	\N	\N
103	21	\N	\N	\N	\N	\N
103	22	\N	\N	\N	\N	\N
103	23	\N	\N	\N	\N	\N
103	24	\N	\N	\N	\N	\N
103	25	\N	\N	\N	\N	\N
103	26	\N	\N	\N	\N	\N
104	1	\N	\N	\N	\N	\N
104	2	\N	\N	\N	\N	\N
104	3	\N	\N	\N	\N	\N
104	4	\N	\N	\N	\N	\N
104	5	\N	\N	\N	\N	\N
104	6	\N	\N	\N	\N	\N
104	7	\N	\N	\N	\N	\N
104	8	\N	\N	\N	\N	\N
104	9	\N	\N	\N	\N	\N
104	10	\N	\N	\N	\N	\N
104	11	\N	\N	\N	\N	\N
104	12	\N	\N	\N	\N	\N
104	13	\N	\N	\N	\N	\N
104	14	\N	\N	\N	\N	\N
104	15	\N	\N	\N	\N	\N
104	16	\N	\N	\N	\N	\N
104	17	\N	\N	\N	\N	\N
104	18	\N	\N	\N	\N	\N
104	19	\N	\N	\N	\N	\N
104	20	\N	\N	\N	\N	\N
104	21	\N	\N	\N	\N	\N
104	22	\N	\N	\N	\N	\N
104	23	\N	\N	\N	\N	\N
104	24	\N	\N	\N	\N	\N
104	25	\N	\N	\N	\N	\N
104	26	\N	\N	\N	\N	\N
105	1	\N	\N	\N	\N	\N
105	2	\N	\N	\N	\N	\N
105	3	\N	\N	\N	\N	\N
105	4	\N	\N	\N	\N	\N
105	5	\N	\N	\N	\N	\N
105	6	\N	\N	\N	\N	\N
105	7	\N	\N	\N	\N	\N
105	8	\N	\N	\N	\N	\N
105	9	\N	\N	\N	\N	\N
105	10	\N	\N	\N	\N	\N
105	11	\N	\N	\N	\N	\N
105	12	\N	\N	\N	\N	\N
105	13	\N	\N	\N	\N	\N
105	14	\N	\N	\N	\N	\N
105	15	\N	\N	\N	\N	\N
105	16	\N	\N	\N	\N	\N
105	17	\N	\N	\N	\N	\N
105	18	\N	\N	\N	\N	\N
105	19	\N	\N	\N	\N	\N
105	20	\N	\N	\N	\N	\N
105	21	\N	\N	\N	\N	\N
105	22	\N	\N	\N	\N	\N
105	23	\N	\N	\N	\N	\N
105	24	\N	\N	\N	\N	\N
105	25	\N	\N	\N	\N	\N
105	26	\N	\N	\N	\N	\N
106	1	\N	\N	\N	\N	\N
106	2	\N	\N	\N	\N	\N
106	3	\N	\N	\N	\N	\N
106	4	\N	\N	\N	\N	\N
106	5	\N	\N	\N	\N	\N
106	6	\N	\N	\N	\N	\N
106	7	\N	\N	\N	\N	\N
106	8	\N	\N	\N	\N	\N
106	9	\N	\N	\N	\N	\N
106	10	\N	\N	\N	\N	\N
106	11	\N	\N	\N	\N	\N
106	12	\N	\N	\N	\N	\N
106	13	\N	\N	\N	\N	\N
106	14	\N	\N	\N	\N	\N
106	15	\N	\N	\N	\N	\N
106	16	\N	\N	\N	\N	\N
106	17	\N	\N	\N	\N	\N
106	18	\N	\N	\N	\N	\N
106	19	\N	\N	\N	\N	\N
106	20	\N	\N	\N	\N	\N
106	21	\N	\N	\N	\N	\N
106	22	\N	\N	\N	\N	\N
106	23	\N	\N	\N	\N	\N
106	24	\N	\N	\N	\N	\N
106	25	\N	\N	\N	\N	\N
106	26	\N	\N	\N	\N	\N
107	1	\N	\N	\N	\N	\N
107	2	\N	\N	\N	\N	\N
107	3	\N	\N	\N	\N	\N
107	4	\N	\N	\N	\N	\N
107	5	\N	\N	\N	\N	\N
107	6	\N	\N	\N	\N	\N
107	7	\N	\N	\N	\N	\N
107	8	\N	\N	\N	\N	\N
107	9	\N	\N	\N	\N	\N
107	10	\N	\N	\N	\N	\N
107	11	\N	\N	\N	\N	\N
107	12	\N	\N	\N	\N	\N
107	13	\N	\N	\N	\N	\N
107	14	\N	\N	\N	\N	\N
107	15	\N	\N	\N	\N	\N
107	16	\N	\N	\N	\N	\N
107	17	\N	\N	\N	\N	\N
107	18	\N	\N	\N	\N	\N
107	19	\N	\N	\N	\N	\N
107	20	\N	\N	\N	\N	\N
107	21	\N	\N	\N	\N	\N
107	22	\N	\N	\N	\N	\N
107	23	\N	\N	\N	\N	\N
107	24	\N	\N	\N	\N	\N
107	25	\N	\N	\N	\N	\N
107	26	\N	\N	\N	\N	\N
108	1	\N	\N	\N	\N	\N
108	2	\N	\N	\N	\N	\N
108	3	\N	\N	\N	\N	\N
108	4	\N	\N	\N	\N	\N
108	5	\N	\N	\N	\N	\N
108	6	\N	\N	\N	\N	\N
108	7	\N	\N	\N	\N	\N
108	8	\N	\N	\N	\N	\N
108	9	\N	\N	\N	\N	\N
108	10	\N	\N	\N	\N	\N
108	11	\N	\N	\N	\N	\N
108	12	\N	\N	\N	\N	\N
108	13	\N	\N	\N	\N	\N
108	14	\N	\N	\N	\N	\N
108	15	\N	\N	\N	\N	\N
108	16	\N	\N	\N	\N	\N
108	17	\N	\N	\N	\N	\N
108	18	\N	\N	\N	\N	\N
108	19	\N	\N	\N	\N	\N
108	20	\N	\N	\N	\N	\N
108	21	\N	\N	\N	\N	\N
108	22	\N	\N	\N	\N	\N
108	23	\N	\N	\N	\N	\N
108	24	\N	\N	\N	\N	\N
108	25	\N	\N	\N	\N	\N
108	26	\N	\N	\N	\N	\N
109	1	\N	\N	\N	\N	\N
109	2	\N	\N	\N	\N	\N
109	3	\N	\N	\N	\N	\N
109	4	\N	\N	\N	\N	\N
109	5	\N	\N	\N	\N	\N
109	6	\N	\N	\N	\N	\N
109	7	\N	\N	\N	\N	\N
109	8	\N	\N	\N	\N	\N
109	9	\N	\N	\N	\N	\N
109	10	\N	\N	\N	\N	\N
109	11	\N	\N	\N	\N	\N
109	12	\N	\N	\N	\N	\N
109	13	\N	\N	\N	\N	\N
109	14	\N	\N	\N	\N	\N
109	15	\N	\N	\N	\N	\N
109	16	\N	\N	\N	\N	\N
109	17	\N	\N	\N	\N	\N
109	18	\N	\N	\N	\N	\N
109	19	\N	\N	\N	\N	\N
109	20	\N	\N	\N	\N	\N
109	21	\N	\N	\N	\N	\N
109	22	\N	\N	\N	\N	\N
109	23	\N	\N	\N	\N	\N
109	24	\N	\N	\N	\N	\N
109	25	\N	\N	\N	\N	\N
109	26	\N	\N	\N	\N	\N
110	1	\N	\N	\N	\N	\N
110	2	\N	\N	\N	\N	\N
110	3	\N	\N	\N	\N	\N
110	4	\N	\N	\N	\N	\N
110	5	\N	\N	\N	\N	\N
110	6	\N	\N	\N	\N	\N
110	7	\N	\N	\N	\N	\N
110	8	\N	\N	\N	\N	\N
110	9	\N	\N	\N	\N	\N
110	10	\N	\N	\N	\N	\N
110	11	\N	\N	\N	\N	\N
110	12	\N	\N	\N	\N	\N
110	13	\N	\N	\N	\N	\N
110	14	\N	\N	\N	\N	\N
110	15	\N	\N	\N	\N	\N
110	16	\N	\N	\N	\N	\N
110	17	\N	\N	\N	\N	\N
110	18	\N	\N	\N	\N	\N
110	19	\N	\N	\N	\N	\N
110	20	\N	\N	\N	\N	\N
110	21	\N	\N	\N	\N	\N
110	22	\N	\N	\N	\N	\N
110	23	\N	\N	\N	\N	\N
110	24	\N	\N	\N	\N	\N
110	25	\N	\N	\N	\N	\N
110	26	\N	\N	\N	\N	\N
111	1	\N	\N	\N	\N	\N
111	2	\N	\N	\N	\N	\N
111	3	\N	\N	\N	\N	\N
111	4	\N	\N	\N	\N	\N
111	5	\N	\N	\N	\N	\N
111	6	\N	\N	\N	\N	\N
111	7	\N	\N	\N	\N	\N
111	8	\N	\N	\N	\N	\N
111	9	\N	\N	\N	\N	\N
111	10	\N	\N	\N	\N	\N
111	11	\N	\N	\N	\N	\N
111	12	\N	\N	\N	\N	\N
111	13	\N	\N	\N	\N	\N
111	14	\N	\N	\N	\N	\N
111	15	\N	\N	\N	\N	\N
111	16	\N	\N	\N	\N	\N
111	17	\N	\N	\N	\N	\N
111	18	\N	\N	\N	\N	\N
111	19	\N	\N	\N	\N	\N
111	20	\N	\N	\N	\N	\N
111	21	\N	\N	\N	\N	\N
111	22	\N	\N	\N	\N	\N
111	23	\N	\N	\N	\N	\N
111	24	\N	\N	\N	\N	\N
111	25	\N	\N	\N	\N	\N
111	26	\N	\N	\N	\N	\N
112	1	\N	\N	\N	\N	\N
112	2	\N	\N	\N	\N	\N
112	3	\N	\N	\N	\N	\N
112	4	\N	\N	\N	\N	\N
112	5	\N	\N	\N	\N	\N
112	6	\N	\N	\N	\N	\N
112	7	\N	\N	\N	\N	\N
112	8	\N	\N	\N	\N	\N
112	9	\N	\N	\N	\N	\N
112	10	\N	\N	\N	\N	\N
112	11	\N	\N	\N	\N	\N
112	12	\N	\N	\N	\N	\N
112	13	\N	\N	\N	\N	\N
112	14	\N	\N	\N	\N	\N
112	15	\N	\N	\N	\N	\N
112	16	\N	\N	\N	\N	\N
112	17	\N	\N	\N	\N	\N
112	18	\N	\N	\N	\N	\N
112	19	\N	\N	\N	\N	\N
112	20	\N	\N	\N	\N	\N
112	21	\N	\N	\N	\N	\N
112	22	\N	\N	\N	\N	\N
112	23	\N	\N	\N	\N	\N
112	24	\N	\N	\N	\N	\N
112	25	\N	\N	\N	\N	\N
112	26	\N	\N	\N	\N	\N
113	1	\N	\N	\N	\N	\N
113	2	\N	\N	\N	\N	\N
113	3	\N	\N	\N	\N	\N
113	4	\N	\N	\N	\N	\N
113	5	\N	\N	\N	\N	\N
113	6	\N	\N	\N	\N	\N
113	7	\N	\N	\N	\N	\N
113	8	\N	\N	\N	\N	\N
113	9	\N	\N	\N	\N	\N
113	10	\N	\N	\N	\N	\N
113	11	\N	\N	\N	\N	\N
113	12	\N	\N	\N	\N	\N
113	13	\N	\N	\N	\N	\N
113	14	\N	\N	\N	\N	\N
113	15	\N	\N	\N	\N	\N
113	16	\N	\N	\N	\N	\N
113	17	\N	\N	\N	\N	\N
113	18	\N	\N	\N	\N	\N
113	19	\N	\N	\N	\N	\N
113	20	\N	\N	\N	\N	\N
113	21	\N	\N	\N	\N	\N
113	22	\N	\N	\N	\N	\N
113	23	\N	\N	\N	\N	\N
113	24	\N	\N	\N	\N	\N
113	25	\N	\N	\N	\N	\N
113	26	\N	\N	\N	\N	\N
114	1	\N	\N	\N	\N	\N
114	2	\N	\N	\N	\N	\N
114	3	\N	\N	\N	\N	\N
114	4	\N	\N	\N	\N	\N
114	5	\N	\N	\N	\N	\N
114	6	\N	\N	\N	\N	\N
114	7	\N	\N	\N	\N	\N
114	8	\N	\N	\N	\N	\N
114	9	\N	\N	\N	\N	\N
114	10	\N	\N	\N	\N	\N
114	11	\N	\N	\N	\N	\N
114	12	\N	\N	\N	\N	\N
114	13	\N	\N	\N	\N	\N
114	14	\N	\N	\N	\N	\N
114	15	\N	\N	\N	\N	\N
114	16	\N	\N	\N	\N	\N
114	17	\N	\N	\N	\N	\N
114	18	\N	\N	\N	\N	\N
114	19	\N	\N	\N	\N	\N
114	20	\N	\N	\N	\N	\N
114	21	\N	\N	\N	\N	\N
114	22	\N	\N	\N	\N	\N
114	23	\N	\N	\N	\N	\N
114	24	\N	\N	\N	\N	\N
114	25	\N	\N	\N	\N	\N
114	26	\N	\N	\N	\N	\N
115	1	\N	\N	\N	\N	\N
115	2	\N	\N	\N	\N	\N
115	3	\N	\N	\N	\N	\N
115	4	\N	\N	\N	\N	\N
115	5	\N	\N	\N	\N	\N
115	6	\N	\N	\N	\N	\N
115	7	\N	\N	\N	\N	\N
115	8	\N	\N	\N	\N	\N
115	9	\N	\N	\N	\N	\N
115	10	\N	\N	\N	\N	\N
115	11	\N	\N	\N	\N	\N
115	12	\N	\N	\N	\N	\N
115	13	\N	\N	\N	\N	\N
115	14	\N	\N	\N	\N	\N
115	15	\N	\N	\N	\N	\N
115	16	\N	\N	\N	\N	\N
115	17	\N	\N	\N	\N	\N
115	18	\N	\N	\N	\N	\N
115	19	\N	\N	\N	\N	\N
115	20	\N	\N	\N	\N	\N
115	21	\N	\N	\N	\N	\N
115	22	\N	\N	\N	\N	\N
115	23	\N	\N	\N	\N	\N
115	24	\N	\N	\N	\N	\N
115	25	\N	\N	\N	\N	\N
115	26	\N	\N	\N	\N	\N
116	1	\N	\N	\N	\N	\N
116	2	\N	\N	\N	\N	\N
116	3	\N	\N	\N	\N	\N
116	4	\N	\N	\N	\N	\N
116	5	\N	\N	\N	\N	\N
116	6	\N	\N	\N	\N	\N
116	7	\N	\N	\N	\N	\N
116	8	\N	\N	\N	\N	\N
116	9	\N	\N	\N	\N	\N
116	10	\N	\N	\N	\N	\N
116	11	\N	\N	\N	\N	\N
116	12	\N	\N	\N	\N	\N
116	13	\N	\N	\N	\N	\N
116	14	\N	\N	\N	\N	\N
116	15	\N	\N	\N	\N	\N
116	16	\N	\N	\N	\N	\N
116	17	\N	\N	\N	\N	\N
116	18	\N	\N	\N	\N	\N
116	19	\N	\N	\N	\N	\N
116	20	\N	\N	\N	\N	\N
116	21	\N	\N	\N	\N	\N
116	22	\N	\N	\N	\N	\N
116	23	\N	\N	\N	\N	\N
116	24	\N	\N	\N	\N	\N
116	25	\N	\N	\N	\N	\N
116	26	\N	\N	\N	\N	\N
117	1	\N	\N	\N	\N	\N
117	2	\N	\N	\N	\N	\N
117	3	\N	\N	\N	\N	\N
117	4	\N	\N	\N	\N	\N
117	5	\N	\N	\N	\N	\N
117	6	\N	\N	\N	\N	\N
117	7	\N	\N	\N	\N	\N
117	8	\N	\N	\N	\N	\N
117	9	\N	\N	\N	\N	\N
117	10	\N	\N	\N	\N	\N
117	11	\N	\N	\N	\N	\N
117	12	\N	\N	\N	\N	\N
117	13	\N	\N	\N	\N	\N
117	14	\N	\N	\N	\N	\N
117	15	\N	\N	\N	\N	\N
117	16	\N	\N	\N	\N	\N
117	17	\N	\N	\N	\N	\N
117	18	\N	\N	\N	\N	\N
117	19	\N	\N	\N	\N	\N
117	20	\N	\N	\N	\N	\N
117	21	\N	\N	\N	\N	\N
117	22	\N	\N	\N	\N	\N
117	23	\N	\N	\N	\N	\N
117	24	\N	\N	\N	\N	\N
117	25	\N	\N	\N	\N	\N
117	26	\N	\N	\N	\N	\N
118	1	\N	\N	\N	\N	\N
118	2	\N	\N	\N	\N	\N
118	3	\N	\N	\N	\N	\N
118	4	\N	\N	\N	\N	\N
118	5	\N	\N	\N	\N	\N
118	6	\N	\N	\N	\N	\N
118	7	\N	\N	\N	\N	\N
118	8	\N	\N	\N	\N	\N
118	9	\N	\N	\N	\N	\N
118	10	\N	\N	\N	\N	\N
118	11	\N	\N	\N	\N	\N
118	12	\N	\N	\N	\N	\N
118	13	\N	\N	\N	\N	\N
118	14	\N	\N	\N	\N	\N
118	15	\N	\N	\N	\N	\N
118	16	\N	\N	\N	\N	\N
118	17	\N	\N	\N	\N	\N
118	18	\N	\N	\N	\N	\N
118	19	\N	\N	\N	\N	\N
118	20	\N	\N	\N	\N	\N
118	21	\N	\N	\N	\N	\N
118	22	\N	\N	\N	\N	\N
118	23	\N	\N	\N	\N	\N
118	24	\N	\N	\N	\N	\N
118	25	\N	\N	\N	\N	\N
118	26	\N	\N	\N	\N	\N
119	1	\N	\N	\N	\N	\N
119	2	\N	\N	\N	\N	\N
119	3	\N	\N	\N	\N	\N
119	4	\N	\N	\N	\N	\N
119	5	\N	\N	\N	\N	\N
119	6	\N	\N	\N	\N	\N
119	7	\N	\N	\N	\N	\N
119	8	\N	\N	\N	\N	\N
119	9	\N	\N	\N	\N	\N
119	10	\N	\N	\N	\N	\N
119	11	\N	\N	\N	\N	\N
119	12	\N	\N	\N	\N	\N
119	13	\N	\N	\N	\N	\N
119	14	\N	\N	\N	\N	\N
119	15	\N	\N	\N	\N	\N
119	16	\N	\N	\N	\N	\N
119	17	\N	\N	\N	\N	\N
119	18	\N	\N	\N	\N	\N
119	19	\N	\N	\N	\N	\N
119	20	\N	\N	\N	\N	\N
119	21	\N	\N	\N	\N	\N
119	22	\N	\N	\N	\N	\N
119	23	\N	\N	\N	\N	\N
119	24	\N	\N	\N	\N	\N
119	25	\N	\N	\N	\N	\N
119	26	\N	\N	\N	\N	\N
120	1	\N	\N	\N	\N	\N
120	2	\N	\N	\N	\N	\N
120	3	\N	\N	\N	\N	\N
120	4	\N	\N	\N	\N	\N
120	5	\N	\N	\N	\N	\N
120	6	\N	\N	\N	\N	\N
120	7	\N	\N	\N	\N	\N
120	8	\N	\N	\N	\N	\N
120	9	\N	\N	\N	\N	\N
120	10	\N	\N	\N	\N	\N
120	11	\N	\N	\N	\N	\N
120	12	\N	\N	\N	\N	\N
120	13	\N	\N	\N	\N	\N
120	14	\N	\N	\N	\N	\N
120	15	\N	\N	\N	\N	\N
120	16	\N	\N	\N	\N	\N
120	17	\N	\N	\N	\N	\N
120	18	\N	\N	\N	\N	\N
120	19	\N	\N	\N	\N	\N
120	20	\N	\N	\N	\N	\N
120	21	\N	\N	\N	\N	\N
120	22	\N	\N	\N	\N	\N
120	23	\N	\N	\N	\N	\N
120	24	\N	\N	\N	\N	\N
120	25	\N	\N	\N	\N	\N
120	26	\N	\N	\N	\N	\N
121	1	\N	\N	\N	\N	\N
121	2	\N	\N	\N	\N	\N
121	3	\N	\N	\N	\N	\N
121	4	\N	\N	\N	\N	\N
121	5	\N	\N	\N	\N	\N
121	6	\N	\N	\N	\N	\N
121	7	\N	\N	\N	\N	\N
121	8	\N	\N	\N	\N	\N
121	9	\N	\N	\N	\N	\N
121	10	\N	\N	\N	\N	\N
121	11	\N	\N	\N	\N	\N
121	12	\N	\N	\N	\N	\N
121	13	\N	\N	\N	\N	\N
121	14	\N	\N	\N	\N	\N
121	15	\N	\N	\N	\N	\N
121	16	\N	\N	\N	\N	\N
121	17	\N	\N	\N	\N	\N
121	18	\N	\N	\N	\N	\N
121	19	\N	\N	\N	\N	\N
121	20	\N	\N	\N	\N	\N
121	21	\N	\N	\N	\N	\N
121	22	\N	\N	\N	\N	\N
121	23	\N	\N	\N	\N	\N
121	24	\N	\N	\N	\N	\N
121	25	\N	\N	\N	\N	\N
121	26	\N	\N	\N	\N	\N
122	1	\N	\N	\N	\N	\N
122	2	\N	\N	\N	\N	\N
122	3	\N	\N	\N	\N	\N
122	4	\N	\N	\N	\N	\N
122	5	\N	\N	\N	\N	\N
122	6	\N	\N	\N	\N	\N
122	7	\N	\N	\N	\N	\N
122	8	\N	\N	\N	\N	\N
122	9	\N	\N	\N	\N	\N
122	10	\N	\N	\N	\N	\N
122	11	\N	\N	\N	\N	\N
122	12	\N	\N	\N	\N	\N
122	13	\N	\N	\N	\N	\N
122	14	\N	\N	\N	\N	\N
122	15	\N	\N	\N	\N	\N
122	16	\N	\N	\N	\N	\N
122	17	\N	\N	\N	\N	\N
122	18	\N	\N	\N	\N	\N
122	19	\N	\N	\N	\N	\N
122	20	\N	\N	\N	\N	\N
122	21	\N	\N	\N	\N	\N
122	22	\N	\N	\N	\N	\N
122	23	\N	\N	\N	\N	\N
122	24	\N	\N	\N	\N	\N
122	25	\N	\N	\N	\N	\N
122	26	\N	\N	\N	\N	\N
123	1	\N	\N	\N	\N	\N
123	2	\N	\N	\N	\N	\N
123	3	\N	\N	\N	\N	\N
123	4	\N	\N	\N	\N	\N
123	5	\N	\N	\N	\N	\N
123	6	\N	\N	\N	\N	\N
123	7	\N	\N	\N	\N	\N
123	8	\N	\N	\N	\N	\N
123	9	\N	\N	\N	\N	\N
123	10	\N	\N	\N	\N	\N
123	11	\N	\N	\N	\N	\N
123	12	\N	\N	\N	\N	\N
123	13	\N	\N	\N	\N	\N
123	14	\N	\N	\N	\N	\N
123	15	\N	\N	\N	\N	\N
123	16	\N	\N	\N	\N	\N
123	17	\N	\N	\N	\N	\N
123	18	\N	\N	\N	\N	\N
123	19	\N	\N	\N	\N	\N
123	20	\N	\N	\N	\N	\N
123	21	\N	\N	\N	\N	\N
123	22	\N	\N	\N	\N	\N
123	23	\N	\N	\N	\N	\N
123	24	\N	\N	\N	\N	\N
123	25	\N	\N	\N	\N	\N
123	26	\N	\N	\N	\N	\N
124	1	\N	\N	\N	\N	\N
124	2	\N	\N	\N	\N	\N
124	3	\N	\N	\N	\N	\N
124	4	\N	\N	\N	\N	\N
124	5	\N	\N	\N	\N	\N
124	6	\N	\N	\N	\N	\N
124	7	\N	\N	\N	\N	\N
124	8	\N	\N	\N	\N	\N
124	9	\N	\N	\N	\N	\N
124	10	\N	\N	\N	\N	\N
124	11	\N	\N	\N	\N	\N
124	12	\N	\N	\N	\N	\N
124	13	\N	\N	\N	\N	\N
124	14	\N	\N	\N	\N	\N
124	15	\N	\N	\N	\N	\N
124	16	\N	\N	\N	\N	\N
124	17	\N	\N	\N	\N	\N
124	18	\N	\N	\N	\N	\N
124	19	\N	\N	\N	\N	\N
124	20	\N	\N	\N	\N	\N
124	21	\N	\N	\N	\N	\N
124	22	\N	\N	\N	\N	\N
124	23	\N	\N	\N	\N	\N
124	24	\N	\N	\N	\N	\N
124	25	\N	\N	\N	\N	\N
124	26	\N	\N	\N	\N	\N
125	1	\N	\N	\N	\N	\N
125	2	\N	\N	\N	\N	\N
125	3	\N	\N	\N	\N	\N
125	4	\N	\N	\N	\N	\N
125	5	\N	\N	\N	\N	\N
125	6	\N	\N	\N	\N	\N
125	7	\N	\N	\N	\N	\N
125	8	\N	\N	\N	\N	\N
125	9	\N	\N	\N	\N	\N
125	10	\N	\N	\N	\N	\N
125	11	\N	\N	\N	\N	\N
125	12	\N	\N	\N	\N	\N
125	13	\N	\N	\N	\N	\N
125	14	\N	\N	\N	\N	\N
125	15	\N	\N	\N	\N	\N
125	16	\N	\N	\N	\N	\N
125	17	\N	\N	\N	\N	\N
125	18	\N	\N	\N	\N	\N
125	19	\N	\N	\N	\N	\N
125	20	\N	\N	\N	\N	\N
125	21	\N	\N	\N	\N	\N
125	22	\N	\N	\N	\N	\N
125	23	\N	\N	\N	\N	\N
125	24	\N	\N	\N	\N	\N
125	25	\N	\N	\N	\N	\N
125	26	\N	\N	\N	\N	\N
126	1	\N	\N	\N	\N	\N
126	2	\N	\N	\N	\N	\N
126	3	\N	\N	\N	\N	\N
126	4	\N	\N	\N	\N	\N
126	5	\N	\N	\N	\N	\N
126	6	\N	\N	\N	\N	\N
126	7	\N	\N	\N	\N	\N
126	8	\N	\N	\N	\N	\N
126	9	\N	\N	\N	\N	\N
126	10	\N	\N	\N	\N	\N
126	11	\N	\N	\N	\N	\N
126	12	\N	\N	\N	\N	\N
126	13	\N	\N	\N	\N	\N
126	14	\N	\N	\N	\N	\N
126	15	\N	\N	\N	\N	\N
126	16	\N	\N	\N	\N	\N
126	17	\N	\N	\N	\N	\N
126	18	\N	\N	\N	\N	\N
126	19	\N	\N	\N	\N	\N
126	20	\N	\N	\N	\N	\N
126	21	\N	\N	\N	\N	\N
126	22	\N	\N	\N	\N	\N
126	23	\N	\N	\N	\N	\N
126	24	\N	\N	\N	\N	\N
126	25	\N	\N	\N	\N	\N
126	26	\N	\N	\N	\N	\N
127	1	\N	\N	\N	\N	\N
127	2	\N	\N	\N	\N	\N
127	3	\N	\N	\N	\N	\N
127	4	\N	\N	\N	\N	\N
127	5	\N	\N	\N	\N	\N
127	6	\N	\N	\N	\N	\N
127	7	\N	\N	\N	\N	\N
127	8	\N	\N	\N	\N	\N
127	9	\N	\N	\N	\N	\N
127	10	\N	\N	\N	\N	\N
127	11	\N	\N	\N	\N	\N
127	12	\N	\N	\N	\N	\N
127	13	\N	\N	\N	\N	\N
127	14	\N	\N	\N	\N	\N
127	15	\N	\N	\N	\N	\N
127	16	\N	\N	\N	\N	\N
127	17	\N	\N	\N	\N	\N
127	18	\N	\N	\N	\N	\N
127	19	\N	\N	\N	\N	\N
127	20	\N	\N	\N	\N	\N
127	21	\N	\N	\N	\N	\N
127	22	\N	\N	\N	\N	\N
127	23	\N	\N	\N	\N	\N
127	24	\N	\N	\N	\N	\N
127	25	\N	\N	\N	\N	\N
127	26	\N	\N	\N	\N	\N
128	1	\N	\N	\N	\N	\N
128	2	\N	\N	\N	\N	\N
128	3	\N	\N	\N	\N	\N
128	4	\N	\N	\N	\N	\N
128	5	\N	\N	\N	\N	\N
128	6	\N	\N	\N	\N	\N
128	7	\N	\N	\N	\N	\N
128	8	\N	\N	\N	\N	\N
128	9	\N	\N	\N	\N	\N
128	10	\N	\N	\N	\N	\N
128	11	\N	\N	\N	\N	\N
128	12	\N	\N	\N	\N	\N
128	13	\N	\N	\N	\N	\N
128	14	\N	\N	\N	\N	\N
128	15	\N	\N	\N	\N	\N
128	16	\N	\N	\N	\N	\N
128	17	\N	\N	\N	\N	\N
128	18	\N	\N	\N	\N	\N
128	19	\N	\N	\N	\N	\N
128	20	\N	\N	\N	\N	\N
128	21	\N	\N	\N	\N	\N
128	22	\N	\N	\N	\N	\N
128	23	\N	\N	\N	\N	\N
128	24	\N	\N	\N	\N	\N
128	25	\N	\N	\N	\N	\N
128	26	\N	\N	\N	\N	\N
129	1	\N	\N	\N	\N	\N
129	2	\N	\N	\N	\N	\N
129	3	\N	\N	\N	\N	\N
129	4	\N	\N	\N	\N	\N
129	5	\N	\N	\N	\N	\N
129	6	\N	\N	\N	\N	\N
129	7	\N	\N	\N	\N	\N
129	8	\N	\N	\N	\N	\N
129	9	\N	\N	\N	\N	\N
129	10	\N	\N	\N	\N	\N
129	11	\N	\N	\N	\N	\N
129	12	\N	\N	\N	\N	\N
129	13	\N	\N	\N	\N	\N
129	14	\N	\N	\N	\N	\N
129	15	\N	\N	\N	\N	\N
129	16	\N	\N	\N	\N	\N
129	17	\N	\N	\N	\N	\N
129	18	\N	\N	\N	\N	\N
129	19	\N	\N	\N	\N	\N
129	20	\N	\N	\N	\N	\N
129	21	\N	\N	\N	\N	\N
129	22	\N	\N	\N	\N	\N
129	23	\N	\N	\N	\N	\N
129	24	\N	\N	\N	\N	\N
129	25	\N	\N	\N	\N	\N
129	26	\N	\N	\N	\N	\N
130	1	\N	\N	\N	\N	\N
130	2	\N	\N	\N	\N	\N
130	3	\N	\N	\N	\N	\N
130	4	\N	\N	\N	\N	\N
130	5	\N	\N	\N	\N	\N
130	6	\N	\N	\N	\N	\N
130	7	\N	\N	\N	\N	\N
130	8	\N	\N	\N	\N	\N
130	9	\N	\N	\N	\N	\N
130	10	\N	\N	\N	\N	\N
130	11	\N	\N	\N	\N	\N
130	12	\N	\N	\N	\N	\N
130	13	\N	\N	\N	\N	\N
130	14	\N	\N	\N	\N	\N
130	15	\N	\N	\N	\N	\N
130	16	\N	\N	\N	\N	\N
130	17	\N	\N	\N	\N	\N
130	18	\N	\N	\N	\N	\N
130	19	\N	\N	\N	\N	\N
130	20	\N	\N	\N	\N	\N
130	21	\N	\N	\N	\N	\N
130	22	\N	\N	\N	\N	\N
130	23	\N	\N	\N	\N	\N
130	24	\N	\N	\N	\N	\N
130	25	\N	\N	\N	\N	\N
130	26	\N	\N	\N	\N	\N
131	1	\N	\N	\N	\N	\N
131	2	\N	\N	\N	\N	\N
131	3	\N	\N	\N	\N	\N
131	4	\N	\N	\N	\N	\N
131	5	\N	\N	\N	\N	\N
131	6	\N	\N	\N	\N	\N
131	7	\N	\N	\N	\N	\N
131	8	\N	\N	\N	\N	\N
131	9	\N	\N	\N	\N	\N
131	10	\N	\N	\N	\N	\N
131	11	\N	\N	\N	\N	\N
131	12	\N	\N	\N	\N	\N
131	13	\N	\N	\N	\N	\N
131	14	\N	\N	\N	\N	\N
131	15	\N	\N	\N	\N	\N
131	16	\N	\N	\N	\N	\N
131	17	\N	\N	\N	\N	\N
131	18	\N	\N	\N	\N	\N
131	19	\N	\N	\N	\N	\N
131	20	\N	\N	\N	\N	\N
131	21	\N	\N	\N	\N	\N
131	22	\N	\N	\N	\N	\N
131	23	\N	\N	\N	\N	\N
131	24	\N	\N	\N	\N	\N
131	25	\N	\N	\N	\N	\N
131	26	\N	\N	\N	\N	\N
132	1	\N	\N	\N	\N	\N
132	2	\N	\N	\N	\N	\N
132	3	\N	\N	\N	\N	\N
132	4	\N	\N	\N	\N	\N
132	5	\N	\N	\N	\N	\N
132	6	\N	\N	\N	\N	\N
132	7	\N	\N	\N	\N	\N
132	8	\N	\N	\N	\N	\N
132	9	\N	\N	\N	\N	\N
132	10	\N	\N	\N	\N	\N
132	11	\N	\N	\N	\N	\N
132	12	\N	\N	\N	\N	\N
132	13	\N	\N	\N	\N	\N
132	14	\N	\N	\N	\N	\N
132	15	\N	\N	\N	\N	\N
132	16	\N	\N	\N	\N	\N
132	17	\N	\N	\N	\N	\N
132	18	\N	\N	\N	\N	\N
132	19	\N	\N	\N	\N	\N
132	20	\N	\N	\N	\N	\N
132	21	\N	\N	\N	\N	\N
132	22	\N	\N	\N	\N	\N
132	23	\N	\N	\N	\N	\N
132	24	\N	\N	\N	\N	\N
132	25	\N	\N	\N	\N	\N
132	26	\N	\N	\N	\N	\N
133	1	\N	\N	\N	\N	\N
133	2	\N	\N	\N	\N	\N
133	3	\N	\N	\N	\N	\N
133	4	\N	\N	\N	\N	\N
133	5	\N	\N	\N	\N	\N
133	6	\N	\N	\N	\N	\N
133	7	\N	\N	\N	\N	\N
133	8	\N	\N	\N	\N	\N
133	9	\N	\N	\N	\N	\N
133	10	\N	\N	\N	\N	\N
133	11	\N	\N	\N	\N	\N
133	12	\N	\N	\N	\N	\N
133	13	\N	\N	\N	\N	\N
133	14	\N	\N	\N	\N	\N
133	15	\N	\N	\N	\N	\N
133	16	\N	\N	\N	\N	\N
133	17	\N	\N	\N	\N	\N
133	18	\N	\N	\N	\N	\N
133	19	\N	\N	\N	\N	\N
133	20	\N	\N	\N	\N	\N
133	21	\N	\N	\N	\N	\N
133	22	\N	\N	\N	\N	\N
133	23	\N	\N	\N	\N	\N
133	24	\N	\N	\N	\N	\N
133	25	\N	\N	\N	\N	\N
133	26	\N	\N	\N	\N	\N
134	1	\N	\N	\N	\N	\N
134	2	\N	\N	\N	\N	\N
134	3	\N	\N	\N	\N	\N
134	4	\N	\N	\N	\N	\N
134	5	\N	\N	\N	\N	\N
134	6	\N	\N	\N	\N	\N
134	7	\N	\N	\N	\N	\N
134	8	\N	\N	\N	\N	\N
134	9	\N	\N	\N	\N	\N
134	10	\N	\N	\N	\N	\N
134	11	\N	\N	\N	\N	\N
134	12	\N	\N	\N	\N	\N
134	13	\N	\N	\N	\N	\N
134	14	\N	\N	\N	\N	\N
134	15	\N	\N	\N	\N	\N
134	16	\N	\N	\N	\N	\N
134	17	\N	\N	\N	\N	\N
134	18	\N	\N	\N	\N	\N
134	19	\N	\N	\N	\N	\N
134	20	\N	\N	\N	\N	\N
134	21	\N	\N	\N	\N	\N
134	22	\N	\N	\N	\N	\N
134	23	\N	\N	\N	\N	\N
134	24	\N	\N	\N	\N	\N
134	25	\N	\N	\N	\N	\N
134	26	\N	\N	\N	\N	\N
135	1	\N	\N	\N	\N	\N
135	2	\N	\N	\N	\N	\N
135	3	\N	\N	\N	\N	\N
135	4	\N	\N	\N	\N	\N
135	5	\N	\N	\N	\N	\N
135	6	\N	\N	\N	\N	\N
135	7	\N	\N	\N	\N	\N
135	8	\N	\N	\N	\N	\N
135	9	\N	\N	\N	\N	\N
135	10	\N	\N	\N	\N	\N
135	11	\N	\N	\N	\N	\N
135	12	\N	\N	\N	\N	\N
135	13	\N	\N	\N	\N	\N
135	14	\N	\N	\N	\N	\N
135	15	\N	\N	\N	\N	\N
135	16	\N	\N	\N	\N	\N
135	17	\N	\N	\N	\N	\N
135	18	\N	\N	\N	\N	\N
135	19	\N	\N	\N	\N	\N
135	20	\N	\N	\N	\N	\N
135	21	\N	\N	\N	\N	\N
135	22	\N	\N	\N	\N	\N
135	23	\N	\N	\N	\N	\N
135	24	\N	\N	\N	\N	\N
135	25	\N	\N	\N	\N	\N
135	26	\N	\N	\N	\N	\N
136	1	\N	\N	\N	\N	\N
136	2	\N	\N	\N	\N	\N
136	3	\N	\N	\N	\N	\N
136	4	\N	\N	\N	\N	\N
136	5	\N	\N	\N	\N	\N
136	6	\N	\N	\N	\N	\N
136	7	\N	\N	\N	\N	\N
136	8	\N	\N	\N	\N	\N
136	9	\N	\N	\N	\N	\N
136	10	\N	\N	\N	\N	\N
136	11	\N	\N	\N	\N	\N
136	12	\N	\N	\N	\N	\N
136	13	\N	\N	\N	\N	\N
136	14	\N	\N	\N	\N	\N
136	15	\N	\N	\N	\N	\N
136	16	\N	\N	\N	\N	\N
136	17	\N	\N	\N	\N	\N
136	18	\N	\N	\N	\N	\N
136	19	\N	\N	\N	\N	\N
136	20	\N	\N	\N	\N	\N
136	21	\N	\N	\N	\N	\N
136	22	\N	\N	\N	\N	\N
136	23	\N	\N	\N	\N	\N
136	24	\N	\N	\N	\N	\N
136	25	\N	\N	\N	\N	\N
136	26	\N	\N	\N	\N	\N
137	1	\N	\N	\N	\N	\N
137	2	\N	\N	\N	\N	\N
137	3	\N	\N	\N	\N	\N
137	4	\N	\N	\N	\N	\N
137	5	\N	\N	\N	\N	\N
137	6	\N	\N	\N	\N	\N
137	7	\N	\N	\N	\N	\N
137	8	\N	\N	\N	\N	\N
137	9	\N	\N	\N	\N	\N
137	10	\N	\N	\N	\N	\N
137	11	\N	\N	\N	\N	\N
137	12	\N	\N	\N	\N	\N
137	13	\N	\N	\N	\N	\N
137	14	\N	\N	\N	\N	\N
137	15	\N	\N	\N	\N	\N
137	16	\N	\N	\N	\N	\N
137	17	\N	\N	\N	\N	\N
137	18	\N	\N	\N	\N	\N
137	19	\N	\N	\N	\N	\N
137	20	\N	\N	\N	\N	\N
137	21	\N	\N	\N	\N	\N
137	22	\N	\N	\N	\N	\N
137	23	\N	\N	\N	\N	\N
137	24	\N	\N	\N	\N	\N
137	25	\N	\N	\N	\N	\N
137	26	\N	\N	\N	\N	\N
138	1	\N	\N	\N	\N	\N
138	2	\N	\N	\N	\N	\N
138	3	\N	\N	\N	\N	\N
138	4	\N	\N	\N	\N	\N
138	5	\N	\N	\N	\N	\N
138	6	\N	\N	\N	\N	\N
138	7	\N	\N	\N	\N	\N
138	8	\N	\N	\N	\N	\N
138	9	\N	\N	\N	\N	\N
138	10	\N	\N	\N	\N	\N
138	11	\N	\N	\N	\N	\N
138	12	\N	\N	\N	\N	\N
138	13	\N	\N	\N	\N	\N
138	14	\N	\N	\N	\N	\N
138	15	\N	\N	\N	\N	\N
138	16	\N	\N	\N	\N	\N
138	17	\N	\N	\N	\N	\N
138	18	\N	\N	\N	\N	\N
138	19	\N	\N	\N	\N	\N
138	20	\N	\N	\N	\N	\N
138	21	\N	\N	\N	\N	\N
138	22	\N	\N	\N	\N	\N
138	23	\N	\N	\N	\N	\N
138	24	\N	\N	\N	\N	\N
138	25	\N	\N	\N	\N	\N
138	26	\N	\N	\N	\N	\N
139	1	\N	\N	\N	\N	\N
139	2	\N	\N	\N	\N	\N
139	3	\N	\N	\N	\N	\N
139	4	\N	\N	\N	\N	\N
139	5	\N	\N	\N	\N	\N
139	6	\N	\N	\N	\N	\N
139	7	\N	\N	\N	\N	\N
139	8	\N	\N	\N	\N	\N
139	9	\N	\N	\N	\N	\N
139	10	\N	\N	\N	\N	\N
139	11	\N	\N	\N	\N	\N
139	12	\N	\N	\N	\N	\N
139	13	\N	\N	\N	\N	\N
139	14	\N	\N	\N	\N	\N
139	15	\N	\N	\N	\N	\N
139	16	\N	\N	\N	\N	\N
139	17	\N	\N	\N	\N	\N
139	18	\N	\N	\N	\N	\N
139	19	\N	\N	\N	\N	\N
139	20	\N	\N	\N	\N	\N
139	21	\N	\N	\N	\N	\N
139	22	\N	\N	\N	\N	\N
139	23	\N	\N	\N	\N	\N
139	24	\N	\N	\N	\N	\N
139	25	\N	\N	\N	\N	\N
139	26	\N	\N	\N	\N	\N
140	1	\N	\N	\N	\N	\N
140	2	\N	\N	\N	\N	\N
140	3	\N	\N	\N	\N	\N
140	4	\N	\N	\N	\N	\N
140	5	\N	\N	\N	\N	\N
140	6	\N	\N	\N	\N	\N
140	7	\N	\N	\N	\N	\N
140	8	\N	\N	\N	\N	\N
140	9	\N	\N	\N	\N	\N
140	10	\N	\N	\N	\N	\N
140	11	\N	\N	\N	\N	\N
140	12	\N	\N	\N	\N	\N
140	13	\N	\N	\N	\N	\N
140	14	\N	\N	\N	\N	\N
140	15	\N	\N	\N	\N	\N
140	16	\N	\N	\N	\N	\N
140	17	\N	\N	\N	\N	\N
140	18	\N	\N	\N	\N	\N
140	19	\N	\N	\N	\N	\N
140	20	\N	\N	\N	\N	\N
140	21	\N	\N	\N	\N	\N
140	22	\N	\N	\N	\N	\N
140	23	\N	\N	\N	\N	\N
140	24	\N	\N	\N	\N	\N
140	25	\N	\N	\N	\N	\N
140	26	\N	\N	\N	\N	\N
141	1	\N	\N	\N	\N	\N
141	2	\N	\N	\N	\N	\N
141	3	\N	\N	\N	\N	\N
141	4	\N	\N	\N	\N	\N
141	5	\N	\N	\N	\N	\N
141	6	\N	\N	\N	\N	\N
141	7	\N	\N	\N	\N	\N
141	8	\N	\N	\N	\N	\N
141	9	\N	\N	\N	\N	\N
141	10	\N	\N	\N	\N	\N
141	11	\N	\N	\N	\N	\N
141	12	\N	\N	\N	\N	\N
141	13	\N	\N	\N	\N	\N
141	14	\N	\N	\N	\N	\N
141	15	\N	\N	\N	\N	\N
141	16	\N	\N	\N	\N	\N
141	17	\N	\N	\N	\N	\N
141	18	\N	\N	\N	\N	\N
141	19	\N	\N	\N	\N	\N
141	20	\N	\N	\N	\N	\N
141	21	\N	\N	\N	\N	\N
141	22	\N	\N	\N	\N	\N
141	23	\N	\N	\N	\N	\N
141	24	\N	\N	\N	\N	\N
141	25	\N	\N	\N	\N	\N
141	26	\N	\N	\N	\N	\N
142	1	\N	\N	\N	\N	\N
142	2	\N	\N	\N	\N	\N
142	3	\N	\N	\N	\N	\N
142	4	\N	\N	\N	\N	\N
142	5	\N	\N	\N	\N	\N
142	6	\N	\N	\N	\N	\N
142	7	\N	\N	\N	\N	\N
142	8	\N	\N	\N	\N	\N
142	9	\N	\N	\N	\N	\N
142	10	\N	\N	\N	\N	\N
142	11	\N	\N	\N	\N	\N
142	12	\N	\N	\N	\N	\N
142	13	\N	\N	\N	\N	\N
142	14	\N	\N	\N	\N	\N
142	15	\N	\N	\N	\N	\N
142	16	\N	\N	\N	\N	\N
142	17	\N	\N	\N	\N	\N
142	18	\N	\N	\N	\N	\N
142	19	\N	\N	\N	\N	\N
142	20	\N	\N	\N	\N	\N
142	21	\N	\N	\N	\N	\N
142	22	\N	\N	\N	\N	\N
142	23	\N	\N	\N	\N	\N
142	24	\N	\N	\N	\N	\N
142	25	\N	\N	\N	\N	\N
142	26	\N	\N	\N	\N	\N
143	1	\N	\N	\N	\N	\N
143	2	\N	\N	\N	\N	\N
143	3	\N	\N	\N	\N	\N
143	4	\N	\N	\N	\N	\N
143	5	\N	\N	\N	\N	\N
143	6	\N	\N	\N	\N	\N
143	7	\N	\N	\N	\N	\N
143	8	\N	\N	\N	\N	\N
143	9	\N	\N	\N	\N	\N
143	10	\N	\N	\N	\N	\N
143	11	\N	\N	\N	\N	\N
143	12	\N	\N	\N	\N	\N
143	13	\N	\N	\N	\N	\N
143	14	\N	\N	\N	\N	\N
143	15	\N	\N	\N	\N	\N
143	16	\N	\N	\N	\N	\N
143	17	\N	\N	\N	\N	\N
143	18	\N	\N	\N	\N	\N
143	19	\N	\N	\N	\N	\N
143	20	\N	\N	\N	\N	\N
143	21	\N	\N	\N	\N	\N
143	22	\N	\N	\N	\N	\N
143	23	\N	\N	\N	\N	\N
143	24	\N	\N	\N	\N	\N
143	25	\N	\N	\N	\N	\N
143	26	\N	\N	\N	\N	\N
144	1	\N	\N	\N	\N	\N
144	2	\N	\N	\N	\N	\N
144	3	\N	\N	\N	\N	\N
144	4	\N	\N	\N	\N	\N
144	5	\N	\N	\N	\N	\N
144	6	\N	\N	\N	\N	\N
144	7	\N	\N	\N	\N	\N
144	8	\N	\N	\N	\N	\N
144	9	\N	\N	\N	\N	\N
144	10	\N	\N	\N	\N	\N
144	11	\N	\N	\N	\N	\N
144	12	\N	\N	\N	\N	\N
144	13	\N	\N	\N	\N	\N
144	14	\N	\N	\N	\N	\N
144	15	\N	\N	\N	\N	\N
144	16	\N	\N	\N	\N	\N
144	17	\N	\N	\N	\N	\N
144	18	\N	\N	\N	\N	\N
144	19	\N	\N	\N	\N	\N
144	20	\N	\N	\N	\N	\N
144	21	\N	\N	\N	\N	\N
144	22	\N	\N	\N	\N	\N
144	23	\N	\N	\N	\N	\N
144	24	\N	\N	\N	\N	\N
144	25	\N	\N	\N	\N	\N
144	26	\N	\N	\N	\N	\N
145	1	\N	\N	\N	\N	\N
145	2	\N	\N	\N	\N	\N
145	3	\N	\N	\N	\N	\N
145	4	\N	\N	\N	\N	\N
145	5	\N	\N	\N	\N	\N
145	6	\N	\N	\N	\N	\N
145	7	\N	\N	\N	\N	\N
145	8	\N	\N	\N	\N	\N
145	9	\N	\N	\N	\N	\N
145	10	\N	\N	\N	\N	\N
145	11	\N	\N	\N	\N	\N
145	12	\N	\N	\N	\N	\N
145	13	\N	\N	\N	\N	\N
145	14	\N	\N	\N	\N	\N
145	15	\N	\N	\N	\N	\N
145	16	\N	\N	\N	\N	\N
145	17	\N	\N	\N	\N	\N
145	18	\N	\N	\N	\N	\N
145	19	\N	\N	\N	\N	\N
145	20	\N	\N	\N	\N	\N
145	21	\N	\N	\N	\N	\N
145	22	\N	\N	\N	\N	\N
145	23	\N	\N	\N	\N	\N
145	24	\N	\N	\N	\N	\N
145	25	\N	\N	\N	\N	\N
145	26	\N	\N	\N	\N	\N
146	1	\N	\N	\N	\N	\N
146	2	\N	\N	\N	\N	\N
146	3	\N	\N	\N	\N	\N
146	4	\N	\N	\N	\N	\N
146	5	\N	\N	\N	\N	\N
146	6	\N	\N	\N	\N	\N
146	7	\N	\N	\N	\N	\N
146	8	\N	\N	\N	\N	\N
146	9	\N	\N	\N	\N	\N
146	10	\N	\N	\N	\N	\N
146	11	\N	\N	\N	\N	\N
146	12	\N	\N	\N	\N	\N
146	13	\N	\N	\N	\N	\N
146	14	\N	\N	\N	\N	\N
146	15	\N	\N	\N	\N	\N
146	16	\N	\N	\N	\N	\N
146	17	\N	\N	\N	\N	\N
146	18	\N	\N	\N	\N	\N
146	19	\N	\N	\N	\N	\N
146	20	\N	\N	\N	\N	\N
146	21	\N	\N	\N	\N	\N
146	22	\N	\N	\N	\N	\N
146	23	\N	\N	\N	\N	\N
146	24	\N	\N	\N	\N	\N
146	25	\N	\N	\N	\N	\N
146	26	\N	\N	\N	\N	\N
147	1	\N	\N	\N	\N	\N
147	2	\N	\N	\N	\N	\N
147	3	\N	\N	\N	\N	\N
147	4	\N	\N	\N	\N	\N
147	5	\N	\N	\N	\N	\N
147	6	\N	\N	\N	\N	\N
147	7	\N	\N	\N	\N	\N
147	8	\N	\N	\N	\N	\N
147	9	\N	\N	\N	\N	\N
147	10	\N	\N	\N	\N	\N
147	11	\N	\N	\N	\N	\N
147	12	\N	\N	\N	\N	\N
147	13	\N	\N	\N	\N	\N
147	14	\N	\N	\N	\N	\N
147	15	\N	\N	\N	\N	\N
147	16	\N	\N	\N	\N	\N
147	17	\N	\N	\N	\N	\N
147	18	\N	\N	\N	\N	\N
147	19	\N	\N	\N	\N	\N
147	20	\N	\N	\N	\N	\N
147	21	\N	\N	\N	\N	\N
147	22	\N	\N	\N	\N	\N
147	23	\N	\N	\N	\N	\N
147	24	\N	\N	\N	\N	\N
147	25	\N	\N	\N	\N	\N
147	26	\N	\N	\N	\N	\N
148	1	\N	\N	\N	\N	\N
148	2	\N	\N	\N	\N	\N
148	3	\N	\N	\N	\N	\N
148	4	\N	\N	\N	\N	\N
148	5	\N	\N	\N	\N	\N
148	6	\N	\N	\N	\N	\N
148	7	\N	\N	\N	\N	\N
148	8	\N	\N	\N	\N	\N
148	9	\N	\N	\N	\N	\N
148	10	\N	\N	\N	\N	\N
148	11	\N	\N	\N	\N	\N
148	12	\N	\N	\N	\N	\N
148	13	\N	\N	\N	\N	\N
148	14	\N	\N	\N	\N	\N
148	15	\N	\N	\N	\N	\N
148	16	\N	\N	\N	\N	\N
148	17	\N	\N	\N	\N	\N
148	18	\N	\N	\N	\N	\N
148	19	\N	\N	\N	\N	\N
148	20	\N	\N	\N	\N	\N
148	21	\N	\N	\N	\N	\N
148	22	\N	\N	\N	\N	\N
148	23	\N	\N	\N	\N	\N
148	24	\N	\N	\N	\N	\N
148	25	\N	\N	\N	\N	\N
148	26	\N	\N	\N	\N	\N
149	1	\N	\N	\N	\N	\N
149	2	\N	\N	\N	\N	\N
149	3	\N	\N	\N	\N	\N
149	4	\N	\N	\N	\N	\N
149	5	\N	\N	\N	\N	\N
149	6	\N	\N	\N	\N	\N
149	7	\N	\N	\N	\N	\N
149	8	\N	\N	\N	\N	\N
149	9	\N	\N	\N	\N	\N
149	10	\N	\N	\N	\N	\N
149	11	\N	\N	\N	\N	\N
149	12	\N	\N	\N	\N	\N
149	13	\N	\N	\N	\N	\N
149	14	\N	\N	\N	\N	\N
149	15	\N	\N	\N	\N	\N
149	16	\N	\N	\N	\N	\N
149	17	\N	\N	\N	\N	\N
149	18	\N	\N	\N	\N	\N
149	19	\N	\N	\N	\N	\N
149	20	\N	\N	\N	\N	\N
149	21	\N	\N	\N	\N	\N
149	22	\N	\N	\N	\N	\N
149	23	\N	\N	\N	\N	\N
149	24	\N	\N	\N	\N	\N
149	25	\N	\N	\N	\N	\N
149	26	\N	\N	\N	\N	\N
150	1	\N	\N	\N	\N	\N
150	2	\N	\N	\N	\N	\N
150	3	\N	\N	\N	\N	\N
150	4	\N	\N	\N	\N	\N
150	5	\N	\N	\N	\N	\N
150	6	\N	\N	\N	\N	\N
150	7	\N	\N	\N	\N	\N
150	8	\N	\N	\N	\N	\N
150	9	\N	\N	\N	\N	\N
150	10	\N	\N	\N	\N	\N
150	11	\N	\N	\N	\N	\N
150	12	\N	\N	\N	\N	\N
150	13	\N	\N	\N	\N	\N
150	14	\N	\N	\N	\N	\N
150	15	\N	\N	\N	\N	\N
150	16	\N	\N	\N	\N	\N
150	17	\N	\N	\N	\N	\N
150	18	\N	\N	\N	\N	\N
150	19	\N	\N	\N	\N	\N
150	20	\N	\N	\N	\N	\N
150	21	\N	\N	\N	\N	\N
150	22	\N	\N	\N	\N	\N
150	23	\N	\N	\N	\N	\N
150	24	\N	\N	\N	\N	\N
150	25	\N	\N	\N	\N	\N
150	26	\N	\N	\N	\N	\N
151	1	\N	\N	\N	\N	\N
151	2	\N	\N	\N	\N	\N
151	3	\N	\N	\N	\N	\N
151	4	\N	\N	\N	\N	\N
151	5	\N	\N	\N	\N	\N
151	6	\N	\N	\N	\N	\N
151	7	\N	\N	\N	\N	\N
151	8	\N	\N	\N	\N	\N
151	9	\N	\N	\N	\N	\N
151	10	\N	\N	\N	\N	\N
151	11	\N	\N	\N	\N	\N
151	12	\N	\N	\N	\N	\N
151	13	\N	\N	\N	\N	\N
151	14	\N	\N	\N	\N	\N
151	15	\N	\N	\N	\N	\N
151	16	\N	\N	\N	\N	\N
151	17	\N	\N	\N	\N	\N
151	18	\N	\N	\N	\N	\N
151	19	\N	\N	\N	\N	\N
151	20	\N	\N	\N	\N	\N
151	21	\N	\N	\N	\N	\N
151	22	\N	\N	\N	\N	\N
151	23	\N	\N	\N	\N	\N
151	24	\N	\N	\N	\N	\N
151	25	\N	\N	\N	\N	\N
151	26	\N	\N	\N	\N	\N
152	1	\N	\N	\N	\N	\N
152	2	\N	\N	\N	\N	\N
152	3	\N	\N	\N	\N	\N
152	4	\N	\N	\N	\N	\N
152	5	\N	\N	\N	\N	\N
152	6	\N	\N	\N	\N	\N
152	7	\N	\N	\N	\N	\N
152	8	\N	\N	\N	\N	\N
152	9	\N	\N	\N	\N	\N
152	10	\N	\N	\N	\N	\N
152	11	\N	\N	\N	\N	\N
152	12	\N	\N	\N	\N	\N
152	13	\N	\N	\N	\N	\N
152	14	\N	\N	\N	\N	\N
152	15	\N	\N	\N	\N	\N
152	16	\N	\N	\N	\N	\N
152	17	\N	\N	\N	\N	\N
152	18	\N	\N	\N	\N	\N
152	19	\N	\N	\N	\N	\N
152	20	\N	\N	\N	\N	\N
152	21	\N	\N	\N	\N	\N
152	22	\N	\N	\N	\N	\N
152	23	\N	\N	\N	\N	\N
152	24	\N	\N	\N	\N	\N
152	25	\N	\N	\N	\N	\N
152	26	\N	\N	\N	\N	\N
153	1	\N	\N	\N	\N	\N
153	2	\N	\N	\N	\N	\N
153	3	\N	\N	\N	\N	\N
153	4	\N	\N	\N	\N	\N
153	5	\N	\N	\N	\N	\N
153	6	\N	\N	\N	\N	\N
153	7	\N	\N	\N	\N	\N
153	8	\N	\N	\N	\N	\N
153	9	\N	\N	\N	\N	\N
153	10	\N	\N	\N	\N	\N
153	11	\N	\N	\N	\N	\N
153	12	\N	\N	\N	\N	\N
153	13	\N	\N	\N	\N	\N
153	14	\N	\N	\N	\N	\N
153	15	\N	\N	\N	\N	\N
153	16	\N	\N	\N	\N	\N
153	17	\N	\N	\N	\N	\N
153	18	\N	\N	\N	\N	\N
153	19	\N	\N	\N	\N	\N
153	20	\N	\N	\N	\N	\N
153	21	\N	\N	\N	\N	\N
153	22	\N	\N	\N	\N	\N
153	23	\N	\N	\N	\N	\N
153	24	\N	\N	\N	\N	\N
153	25	\N	\N	\N	\N	\N
153	26	\N	\N	\N	\N	\N
154	1	\N	\N	\N	\N	\N
154	2	\N	\N	\N	\N	\N
154	3	\N	\N	\N	\N	\N
154	4	\N	\N	\N	\N	\N
154	5	\N	\N	\N	\N	\N
154	6	\N	\N	\N	\N	\N
154	7	\N	\N	\N	\N	\N
154	8	\N	\N	\N	\N	\N
154	9	\N	\N	\N	\N	\N
154	10	\N	\N	\N	\N	\N
154	11	\N	\N	\N	\N	\N
154	12	\N	\N	\N	\N	\N
154	13	\N	\N	\N	\N	\N
154	14	\N	\N	\N	\N	\N
154	15	\N	\N	\N	\N	\N
154	16	\N	\N	\N	\N	\N
154	17	\N	\N	\N	\N	\N
154	18	\N	\N	\N	\N	\N
154	19	\N	\N	\N	\N	\N
154	20	\N	\N	\N	\N	\N
154	21	\N	\N	\N	\N	\N
154	22	\N	\N	\N	\N	\N
154	23	\N	\N	\N	\N	\N
154	24	\N	\N	\N	\N	\N
154	25	\N	\N	\N	\N	\N
154	26	\N	\N	\N	\N	\N
155	1	\N	\N	\N	\N	\N
155	2	\N	\N	\N	\N	\N
155	3	\N	\N	\N	\N	\N
155	4	\N	\N	\N	\N	\N
155	5	\N	\N	\N	\N	\N
155	6	\N	\N	\N	\N	\N
155	7	\N	\N	\N	\N	\N
155	8	\N	\N	\N	\N	\N
155	9	\N	\N	\N	\N	\N
155	10	\N	\N	\N	\N	\N
155	11	\N	\N	\N	\N	\N
155	12	\N	\N	\N	\N	\N
155	13	\N	\N	\N	\N	\N
155	14	\N	\N	\N	\N	\N
155	15	\N	\N	\N	\N	\N
155	16	\N	\N	\N	\N	\N
155	17	\N	\N	\N	\N	\N
155	18	\N	\N	\N	\N	\N
155	19	\N	\N	\N	\N	\N
155	20	\N	\N	\N	\N	\N
155	21	\N	\N	\N	\N	\N
155	22	\N	\N	\N	\N	\N
155	23	\N	\N	\N	\N	\N
155	24	\N	\N	\N	\N	\N
155	25	\N	\N	\N	\N	\N
155	26	\N	\N	\N	\N	\N
156	1	\N	\N	\N	\N	\N
156	2	\N	\N	\N	\N	\N
156	3	\N	\N	\N	\N	\N
156	4	\N	\N	\N	\N	\N
156	5	\N	\N	\N	\N	\N
156	6	\N	\N	\N	\N	\N
156	7	\N	\N	\N	\N	\N
156	8	\N	\N	\N	\N	\N
156	9	\N	\N	\N	\N	\N
156	10	\N	\N	\N	\N	\N
156	11	\N	\N	\N	\N	\N
156	12	\N	\N	\N	\N	\N
156	13	\N	\N	\N	\N	\N
156	14	\N	\N	\N	\N	\N
156	15	\N	\N	\N	\N	\N
156	16	\N	\N	\N	\N	\N
156	17	\N	\N	\N	\N	\N
156	18	\N	\N	\N	\N	\N
156	19	\N	\N	\N	\N	\N
156	20	\N	\N	\N	\N	\N
156	21	\N	\N	\N	\N	\N
156	22	\N	\N	\N	\N	\N
156	23	\N	\N	\N	\N	\N
156	24	\N	\N	\N	\N	\N
156	25	\N	\N	\N	\N	\N
156	26	\N	\N	\N	\N	\N
157	1	\N	\N	\N	\N	\N
157	2	\N	\N	\N	\N	\N
157	3	\N	\N	\N	\N	\N
157	4	\N	\N	\N	\N	\N
157	5	\N	\N	\N	\N	\N
157	6	\N	\N	\N	\N	\N
157	7	\N	\N	\N	\N	\N
157	8	\N	\N	\N	\N	\N
157	9	\N	\N	\N	\N	\N
157	10	\N	\N	\N	\N	\N
157	11	\N	\N	\N	\N	\N
157	12	\N	\N	\N	\N	\N
157	13	\N	\N	\N	\N	\N
157	14	\N	\N	\N	\N	\N
157	15	\N	\N	\N	\N	\N
157	16	\N	\N	\N	\N	\N
157	17	\N	\N	\N	\N	\N
157	18	\N	\N	\N	\N	\N
157	19	\N	\N	\N	\N	\N
157	20	\N	\N	\N	\N	\N
157	21	\N	\N	\N	\N	\N
157	22	\N	\N	\N	\N	\N
157	23	\N	\N	\N	\N	\N
157	24	\N	\N	\N	\N	\N
157	25	\N	\N	\N	\N	\N
157	26	\N	\N	\N	\N	\N
158	1	\N	\N	\N	\N	\N
158	2	\N	\N	\N	\N	\N
158	3	\N	\N	\N	\N	\N
158	4	\N	\N	\N	\N	\N
158	5	\N	\N	\N	\N	\N
158	6	\N	\N	\N	\N	\N
158	7	\N	\N	\N	\N	\N
158	8	\N	\N	\N	\N	\N
158	9	\N	\N	\N	\N	\N
158	10	\N	\N	\N	\N	\N
158	11	\N	\N	\N	\N	\N
158	12	\N	\N	\N	\N	\N
158	13	\N	\N	\N	\N	\N
158	14	\N	\N	\N	\N	\N
158	15	\N	\N	\N	\N	\N
158	16	\N	\N	\N	\N	\N
158	17	\N	\N	\N	\N	\N
158	18	\N	\N	\N	\N	\N
158	19	\N	\N	\N	\N	\N
158	20	\N	\N	\N	\N	\N
158	21	\N	\N	\N	\N	\N
158	22	\N	\N	\N	\N	\N
158	23	\N	\N	\N	\N	\N
158	24	\N	\N	\N	\N	\N
158	25	\N	\N	\N	\N	\N
158	26	\N	\N	\N	\N	\N
159	1	\N	\N	\N	\N	\N
159	2	\N	\N	\N	\N	\N
159	3	\N	\N	\N	\N	\N
159	4	\N	\N	\N	\N	\N
159	5	\N	\N	\N	\N	\N
159	6	\N	\N	\N	\N	\N
159	7	\N	\N	\N	\N	\N
159	8	\N	\N	\N	\N	\N
159	9	\N	\N	\N	\N	\N
159	10	\N	\N	\N	\N	\N
159	11	\N	\N	\N	\N	\N
159	12	\N	\N	\N	\N	\N
159	13	\N	\N	\N	\N	\N
159	14	\N	\N	\N	\N	\N
159	15	\N	\N	\N	\N	\N
159	16	\N	\N	\N	\N	\N
159	17	\N	\N	\N	\N	\N
159	18	\N	\N	\N	\N	\N
159	19	\N	\N	\N	\N	\N
159	20	\N	\N	\N	\N	\N
159	21	\N	\N	\N	\N	\N
159	22	\N	\N	\N	\N	\N
159	23	\N	\N	\N	\N	\N
159	24	\N	\N	\N	\N	\N
159	25	\N	\N	\N	\N	\N
159	26	\N	\N	\N	\N	\N
160	1	\N	\N	\N	\N	\N
160	2	\N	\N	\N	\N	\N
160	3	\N	\N	\N	\N	\N
160	4	\N	\N	\N	\N	\N
160	5	\N	\N	\N	\N	\N
160	6	\N	\N	\N	\N	\N
160	7	\N	\N	\N	\N	\N
160	8	\N	\N	\N	\N	\N
160	9	\N	\N	\N	\N	\N
160	10	\N	\N	\N	\N	\N
160	11	\N	\N	\N	\N	\N
160	12	\N	\N	\N	\N	\N
160	13	\N	\N	\N	\N	\N
160	14	\N	\N	\N	\N	\N
160	15	\N	\N	\N	\N	\N
160	16	\N	\N	\N	\N	\N
160	17	\N	\N	\N	\N	\N
160	18	\N	\N	\N	\N	\N
160	19	\N	\N	\N	\N	\N
160	20	\N	\N	\N	\N	\N
160	21	\N	\N	\N	\N	\N
160	22	\N	\N	\N	\N	\N
160	23	\N	\N	\N	\N	\N
160	24	\N	\N	\N	\N	\N
160	25	\N	\N	\N	\N	\N
160	26	\N	\N	\N	\N	\N
161	1	\N	\N	\N	\N	\N
161	2	\N	\N	\N	\N	\N
161	3	\N	\N	\N	\N	\N
161	4	\N	\N	\N	\N	\N
161	5	\N	\N	\N	\N	\N
161	6	\N	\N	\N	\N	\N
161	7	\N	\N	\N	\N	\N
161	8	\N	\N	\N	\N	\N
161	9	\N	\N	\N	\N	\N
161	10	\N	\N	\N	\N	\N
161	11	\N	\N	\N	\N	\N
161	12	\N	\N	\N	\N	\N
161	13	\N	\N	\N	\N	\N
161	14	\N	\N	\N	\N	\N
161	15	\N	\N	\N	\N	\N
161	16	\N	\N	\N	\N	\N
161	17	\N	\N	\N	\N	\N
161	18	\N	\N	\N	\N	\N
161	19	\N	\N	\N	\N	\N
161	20	\N	\N	\N	\N	\N
161	21	\N	\N	\N	\N	\N
161	22	\N	\N	\N	\N	\N
161	23	\N	\N	\N	\N	\N
161	24	\N	\N	\N	\N	\N
161	25	\N	\N	\N	\N	\N
161	26	\N	\N	\N	\N	\N
162	1	\N	\N	\N	\N	\N
162	2	\N	\N	\N	\N	\N
162	3	\N	\N	\N	\N	\N
162	4	\N	\N	\N	\N	\N
162	5	\N	\N	\N	\N	\N
162	6	\N	\N	\N	\N	\N
162	7	\N	\N	\N	\N	\N
162	8	\N	\N	\N	\N	\N
162	9	\N	\N	\N	\N	\N
162	10	\N	\N	\N	\N	\N
162	11	\N	\N	\N	\N	\N
162	12	\N	\N	\N	\N	\N
162	13	\N	\N	\N	\N	\N
162	14	\N	\N	\N	\N	\N
162	15	\N	\N	\N	\N	\N
162	16	\N	\N	\N	\N	\N
162	17	\N	\N	\N	\N	\N
162	18	\N	\N	\N	\N	\N
162	19	\N	\N	\N	\N	\N
162	20	\N	\N	\N	\N	\N
162	21	\N	\N	\N	\N	\N
162	22	\N	\N	\N	\N	\N
162	23	\N	\N	\N	\N	\N
162	24	\N	\N	\N	\N	\N
162	25	\N	\N	\N	\N	\N
162	26	\N	\N	\N	\N	\N
163	1	\N	\N	\N	\N	\N
163	2	\N	\N	\N	\N	\N
163	3	\N	\N	\N	\N	\N
163	4	\N	\N	\N	\N	\N
163	5	\N	\N	\N	\N	\N
163	6	\N	\N	\N	\N	\N
163	7	\N	\N	\N	\N	\N
163	8	\N	\N	\N	\N	\N
163	9	\N	\N	\N	\N	\N
163	10	\N	\N	\N	\N	\N
163	11	\N	\N	\N	\N	\N
163	12	\N	\N	\N	\N	\N
163	13	\N	\N	\N	\N	\N
163	14	\N	\N	\N	\N	\N
163	15	\N	\N	\N	\N	\N
163	16	\N	\N	\N	\N	\N
163	17	\N	\N	\N	\N	\N
163	18	\N	\N	\N	\N	\N
163	19	\N	\N	\N	\N	\N
163	20	\N	\N	\N	\N	\N
163	21	\N	\N	\N	\N	\N
163	22	\N	\N	\N	\N	\N
163	23	\N	\N	\N	\N	\N
163	24	\N	\N	\N	\N	\N
163	25	\N	\N	\N	\N	\N
163	26	\N	\N	\N	\N	\N
164	1	\N	\N	\N	\N	\N
164	2	\N	\N	\N	\N	\N
164	3	\N	\N	\N	\N	\N
164	4	\N	\N	\N	\N	\N
164	5	\N	\N	\N	\N	\N
164	6	\N	\N	\N	\N	\N
164	7	\N	\N	\N	\N	\N
164	8	\N	\N	\N	\N	\N
164	9	\N	\N	\N	\N	\N
164	10	\N	\N	\N	\N	\N
164	11	\N	\N	\N	\N	\N
164	12	\N	\N	\N	\N	\N
164	13	\N	\N	\N	\N	\N
164	14	\N	\N	\N	\N	\N
164	15	\N	\N	\N	\N	\N
164	16	\N	\N	\N	\N	\N
164	17	\N	\N	\N	\N	\N
164	18	\N	\N	\N	\N	\N
164	19	\N	\N	\N	\N	\N
164	20	\N	\N	\N	\N	\N
164	21	\N	\N	\N	\N	\N
164	22	\N	\N	\N	\N	\N
164	23	\N	\N	\N	\N	\N
164	24	\N	\N	\N	\N	\N
164	25	\N	\N	\N	\N	\N
164	26	\N	\N	\N	\N	\N
165	1	\N	\N	\N	\N	\N
165	2	\N	\N	\N	\N	\N
165	3	\N	\N	\N	\N	\N
165	4	\N	\N	\N	\N	\N
165	5	\N	\N	\N	\N	\N
165	6	\N	\N	\N	\N	\N
165	7	\N	\N	\N	\N	\N
165	8	\N	\N	\N	\N	\N
165	9	\N	\N	\N	\N	\N
165	10	\N	\N	\N	\N	\N
165	11	\N	\N	\N	\N	\N
165	12	\N	\N	\N	\N	\N
165	13	\N	\N	\N	\N	\N
165	14	\N	\N	\N	\N	\N
165	15	\N	\N	\N	\N	\N
165	16	\N	\N	\N	\N	\N
165	17	\N	\N	\N	\N	\N
165	18	\N	\N	\N	\N	\N
165	19	\N	\N	\N	\N	\N
165	20	\N	\N	\N	\N	\N
165	21	\N	\N	\N	\N	\N
165	22	\N	\N	\N	\N	\N
165	23	\N	\N	\N	\N	\N
165	24	\N	\N	\N	\N	\N
165	25	\N	\N	\N	\N	\N
165	26	\N	\N	\N	\N	\N
166	1	\N	\N	\N	\N	\N
166	2	\N	\N	\N	\N	\N
166	3	\N	\N	\N	\N	\N
166	4	\N	\N	\N	\N	\N
166	5	\N	\N	\N	\N	\N
166	6	\N	\N	\N	\N	\N
166	7	\N	\N	\N	\N	\N
166	8	\N	\N	\N	\N	\N
166	9	\N	\N	\N	\N	\N
166	10	\N	\N	\N	\N	\N
166	11	\N	\N	\N	\N	\N
166	12	\N	\N	\N	\N	\N
166	13	\N	\N	\N	\N	\N
166	14	\N	\N	\N	\N	\N
166	15	\N	\N	\N	\N	\N
166	16	\N	\N	\N	\N	\N
166	17	\N	\N	\N	\N	\N
166	18	\N	\N	\N	\N	\N
166	19	\N	\N	\N	\N	\N
166	20	\N	\N	\N	\N	\N
166	21	\N	\N	\N	\N	\N
166	22	\N	\N	\N	\N	\N
166	23	\N	\N	\N	\N	\N
166	24	\N	\N	\N	\N	\N
166	25	\N	\N	\N	\N	\N
166	26	\N	\N	\N	\N	\N
167	1	\N	\N	\N	\N	\N
167	2	\N	\N	\N	\N	\N
167	3	\N	\N	\N	\N	\N
167	4	\N	\N	\N	\N	\N
167	5	\N	\N	\N	\N	\N
167	6	\N	\N	\N	\N	\N
167	7	\N	\N	\N	\N	\N
167	8	\N	\N	\N	\N	\N
167	9	\N	\N	\N	\N	\N
167	10	\N	\N	\N	\N	\N
167	11	\N	\N	\N	\N	\N
167	12	\N	\N	\N	\N	\N
167	13	\N	\N	\N	\N	\N
167	14	\N	\N	\N	\N	\N
167	15	\N	\N	\N	\N	\N
167	16	\N	\N	\N	\N	\N
167	17	\N	\N	\N	\N	\N
167	18	\N	\N	\N	\N	\N
167	19	\N	\N	\N	\N	\N
167	20	\N	\N	\N	\N	\N
167	21	\N	\N	\N	\N	\N
167	22	\N	\N	\N	\N	\N
167	23	\N	\N	\N	\N	\N
167	24	\N	\N	\N	\N	\N
167	25	\N	\N	\N	\N	\N
167	26	\N	\N	\N	\N	\N
168	1	\N	\N	\N	\N	\N
168	2	\N	\N	\N	\N	\N
168	3	\N	\N	\N	\N	\N
168	4	\N	\N	\N	\N	\N
168	5	\N	\N	\N	\N	\N
168	6	\N	\N	\N	\N	\N
168	7	\N	\N	\N	\N	\N
168	8	\N	\N	\N	\N	\N
168	9	\N	\N	\N	\N	\N
168	10	\N	\N	\N	\N	\N
168	11	\N	\N	\N	\N	\N
168	12	\N	\N	\N	\N	\N
168	13	\N	\N	\N	\N	\N
168	14	\N	\N	\N	\N	\N
168	15	\N	\N	\N	\N	\N
168	16	\N	\N	\N	\N	\N
168	17	\N	\N	\N	\N	\N
168	18	\N	\N	\N	\N	\N
168	19	\N	\N	\N	\N	\N
168	20	\N	\N	\N	\N	\N
168	21	\N	\N	\N	\N	\N
168	22	\N	\N	\N	\N	\N
168	23	\N	\N	\N	\N	\N
168	24	\N	\N	\N	\N	\N
168	25	\N	\N	\N	\N	\N
168	26	\N	\N	\N	\N	\N
169	1	\N	\N	\N	\N	\N
169	2	\N	\N	\N	\N	\N
169	3	\N	\N	\N	\N	\N
169	4	\N	\N	\N	\N	\N
169	5	\N	\N	\N	\N	\N
169	6	\N	\N	\N	\N	\N
169	7	\N	\N	\N	\N	\N
169	8	\N	\N	\N	\N	\N
169	9	\N	\N	\N	\N	\N
169	10	\N	\N	\N	\N	\N
169	11	\N	\N	\N	\N	\N
169	12	\N	\N	\N	\N	\N
169	13	\N	\N	\N	\N	\N
169	14	\N	\N	\N	\N	\N
169	15	\N	\N	\N	\N	\N
169	16	\N	\N	\N	\N	\N
169	17	\N	\N	\N	\N	\N
169	18	\N	\N	\N	\N	\N
169	19	\N	\N	\N	\N	\N
169	20	\N	\N	\N	\N	\N
169	21	\N	\N	\N	\N	\N
169	22	\N	\N	\N	\N	\N
169	23	\N	\N	\N	\N	\N
169	24	\N	\N	\N	\N	\N
169	25	\N	\N	\N	\N	\N
169	26	\N	\N	\N	\N	\N
170	1	\N	\N	\N	\N	\N
170	2	\N	\N	\N	\N	\N
170	3	\N	\N	\N	\N	\N
170	4	\N	\N	\N	\N	\N
170	5	\N	\N	\N	\N	\N
170	6	\N	\N	\N	\N	\N
170	7	\N	\N	\N	\N	\N
170	8	\N	\N	\N	\N	\N
170	9	\N	\N	\N	\N	\N
170	10	\N	\N	\N	\N	\N
170	11	\N	\N	\N	\N	\N
170	12	\N	\N	\N	\N	\N
170	13	\N	\N	\N	\N	\N
170	14	\N	\N	\N	\N	\N
170	15	\N	\N	\N	\N	\N
170	16	\N	\N	\N	\N	\N
170	17	\N	\N	\N	\N	\N
170	18	\N	\N	\N	\N	\N
170	19	\N	\N	\N	\N	\N
170	20	\N	\N	\N	\N	\N
170	21	\N	\N	\N	\N	\N
170	22	\N	\N	\N	\N	\N
170	23	\N	\N	\N	\N	\N
170	24	\N	\N	\N	\N	\N
170	25	\N	\N	\N	\N	\N
170	26	\N	\N	\N	\N	\N
171	1	\N	\N	\N	\N	\N
171	2	\N	\N	\N	\N	\N
171	3	\N	\N	\N	\N	\N
171	4	\N	\N	\N	\N	\N
171	5	\N	\N	\N	\N	\N
171	6	\N	\N	\N	\N	\N
171	7	\N	\N	\N	\N	\N
171	8	\N	\N	\N	\N	\N
171	9	\N	\N	\N	\N	\N
171	10	\N	\N	\N	\N	\N
171	11	\N	\N	\N	\N	\N
171	12	\N	\N	\N	\N	\N
171	13	\N	\N	\N	\N	\N
171	14	\N	\N	\N	\N	\N
171	15	\N	\N	\N	\N	\N
171	16	\N	\N	\N	\N	\N
171	17	\N	\N	\N	\N	\N
171	18	\N	\N	\N	\N	\N
171	19	\N	\N	\N	\N	\N
171	20	\N	\N	\N	\N	\N
171	21	\N	\N	\N	\N	\N
171	22	\N	\N	\N	\N	\N
171	23	\N	\N	\N	\N	\N
171	24	\N	\N	\N	\N	\N
171	25	\N	\N	\N	\N	\N
171	26	\N	\N	\N	\N	\N
172	1	\N	\N	\N	\N	\N
172	2	\N	\N	\N	\N	\N
172	3	\N	\N	\N	\N	\N
172	4	\N	\N	\N	\N	\N
172	5	\N	\N	\N	\N	\N
172	6	\N	\N	\N	\N	\N
172	7	\N	\N	\N	\N	\N
172	8	\N	\N	\N	\N	\N
172	9	\N	\N	\N	\N	\N
172	10	\N	\N	\N	\N	\N
172	11	\N	\N	\N	\N	\N
172	12	\N	\N	\N	\N	\N
172	13	\N	\N	\N	\N	\N
172	14	\N	\N	\N	\N	\N
172	15	\N	\N	\N	\N	\N
172	16	\N	\N	\N	\N	\N
172	17	\N	\N	\N	\N	\N
172	18	\N	\N	\N	\N	\N
172	19	\N	\N	\N	\N	\N
172	20	\N	\N	\N	\N	\N
172	21	\N	\N	\N	\N	\N
172	22	\N	\N	\N	\N	\N
172	23	\N	\N	\N	\N	\N
172	24	\N	\N	\N	\N	\N
172	25	\N	\N	\N	\N	\N
172	26	\N	\N	\N	\N	\N
173	1	\N	\N	\N	\N	\N
173	2	\N	\N	\N	\N	\N
173	3	\N	\N	\N	\N	\N
173	4	\N	\N	\N	\N	\N
173	5	\N	\N	\N	\N	\N
173	6	\N	\N	\N	\N	\N
173	7	\N	\N	\N	\N	\N
173	8	\N	\N	\N	\N	\N
173	9	\N	\N	\N	\N	\N
173	10	\N	\N	\N	\N	\N
173	11	\N	\N	\N	\N	\N
173	12	\N	\N	\N	\N	\N
173	13	\N	\N	\N	\N	\N
173	14	\N	\N	\N	\N	\N
173	15	\N	\N	\N	\N	\N
173	16	\N	\N	\N	\N	\N
173	17	\N	\N	\N	\N	\N
173	18	\N	\N	\N	\N	\N
173	19	\N	\N	\N	\N	\N
173	20	\N	\N	\N	\N	\N
173	21	\N	\N	\N	\N	\N
173	22	\N	\N	\N	\N	\N
173	23	\N	\N	\N	\N	\N
173	24	\N	\N	\N	\N	\N
173	25	\N	\N	\N	\N	\N
173	26	\N	\N	\N	\N	\N
174	1	\N	\N	\N	\N	\N
174	2	\N	\N	\N	\N	\N
174	3	\N	\N	\N	\N	\N
174	4	\N	\N	\N	\N	\N
174	5	\N	\N	\N	\N	\N
174	6	\N	\N	\N	\N	\N
174	7	\N	\N	\N	\N	\N
174	8	\N	\N	\N	\N	\N
174	9	\N	\N	\N	\N	\N
174	10	\N	\N	\N	\N	\N
174	11	\N	\N	\N	\N	\N
174	12	\N	\N	\N	\N	\N
174	13	\N	\N	\N	\N	\N
174	14	\N	\N	\N	\N	\N
174	15	\N	\N	\N	\N	\N
174	16	\N	\N	\N	\N	\N
174	17	\N	\N	\N	\N	\N
174	18	\N	\N	\N	\N	\N
174	19	\N	\N	\N	\N	\N
174	20	\N	\N	\N	\N	\N
174	21	\N	\N	\N	\N	\N
174	22	\N	\N	\N	\N	\N
174	23	\N	\N	\N	\N	\N
174	24	\N	\N	\N	\N	\N
174	25	\N	\N	\N	\N	\N
174	26	\N	\N	\N	\N	\N
175	1	\N	\N	\N	\N	\N
175	2	\N	\N	\N	\N	\N
175	3	\N	\N	\N	\N	\N
175	4	\N	\N	\N	\N	\N
175	5	\N	\N	\N	\N	\N
175	6	\N	\N	\N	\N	\N
175	7	\N	\N	\N	\N	\N
175	8	\N	\N	\N	\N	\N
175	9	\N	\N	\N	\N	\N
175	10	\N	\N	\N	\N	\N
175	11	\N	\N	\N	\N	\N
175	12	\N	\N	\N	\N	\N
175	13	\N	\N	\N	\N	\N
175	14	\N	\N	\N	\N	\N
175	15	\N	\N	\N	\N	\N
175	16	\N	\N	\N	\N	\N
175	17	\N	\N	\N	\N	\N
175	18	\N	\N	\N	\N	\N
175	19	\N	\N	\N	\N	\N
175	20	\N	\N	\N	\N	\N
175	21	\N	\N	\N	\N	\N
175	22	\N	\N	\N	\N	\N
175	23	\N	\N	\N	\N	\N
175	24	\N	\N	\N	\N	\N
175	25	\N	\N	\N	\N	\N
175	26	\N	\N	\N	\N	\N
176	1	\N	\N	\N	\N	\N
176	2	\N	\N	\N	\N	\N
176	3	\N	\N	\N	\N	\N
176	4	\N	\N	\N	\N	\N
176	5	\N	\N	\N	\N	\N
176	6	\N	\N	\N	\N	\N
176	7	\N	\N	\N	\N	\N
176	8	\N	\N	\N	\N	\N
176	9	\N	\N	\N	\N	\N
176	10	\N	\N	\N	\N	\N
176	11	\N	\N	\N	\N	\N
176	12	\N	\N	\N	\N	\N
176	13	\N	\N	\N	\N	\N
176	14	\N	\N	\N	\N	\N
176	15	\N	\N	\N	\N	\N
176	16	\N	\N	\N	\N	\N
176	17	\N	\N	\N	\N	\N
176	18	\N	\N	\N	\N	\N
176	19	\N	\N	\N	\N	\N
176	20	\N	\N	\N	\N	\N
176	21	\N	\N	\N	\N	\N
176	22	\N	\N	\N	\N	\N
176	23	\N	\N	\N	\N	\N
176	24	\N	\N	\N	\N	\N
176	25	\N	\N	\N	\N	\N
176	26	\N	\N	\N	\N	\N
177	1	\N	\N	\N	\N	\N
177	2	\N	\N	\N	\N	\N
177	3	\N	\N	\N	\N	\N
177	4	\N	\N	\N	\N	\N
177	5	\N	\N	\N	\N	\N
177	6	\N	\N	\N	\N	\N
177	7	\N	\N	\N	\N	\N
177	8	\N	\N	\N	\N	\N
177	9	\N	\N	\N	\N	\N
177	10	\N	\N	\N	\N	\N
177	11	\N	\N	\N	\N	\N
177	12	\N	\N	\N	\N	\N
177	13	\N	\N	\N	\N	\N
177	14	\N	\N	\N	\N	\N
177	15	\N	\N	\N	\N	\N
177	16	\N	\N	\N	\N	\N
177	17	\N	\N	\N	\N	\N
177	18	\N	\N	\N	\N	\N
177	19	\N	\N	\N	\N	\N
177	20	\N	\N	\N	\N	\N
177	21	\N	\N	\N	\N	\N
177	22	\N	\N	\N	\N	\N
177	23	\N	\N	\N	\N	\N
177	24	\N	\N	\N	\N	\N
177	25	\N	\N	\N	\N	\N
177	26	\N	\N	\N	\N	\N
178	1	\N	\N	\N	\N	\N
178	2	\N	\N	\N	\N	\N
178	3	\N	\N	\N	\N	\N
178	4	\N	\N	\N	\N	\N
178	5	\N	\N	\N	\N	\N
178	6	\N	\N	\N	\N	\N
178	7	\N	\N	\N	\N	\N
178	8	\N	\N	\N	\N	\N
178	9	\N	\N	\N	\N	\N
178	10	\N	\N	\N	\N	\N
178	11	\N	\N	\N	\N	\N
178	12	\N	\N	\N	\N	\N
178	13	\N	\N	\N	\N	\N
178	14	\N	\N	\N	\N	\N
178	15	\N	\N	\N	\N	\N
178	16	\N	\N	\N	\N	\N
178	17	\N	\N	\N	\N	\N
178	18	\N	\N	\N	\N	\N
178	19	\N	\N	\N	\N	\N
178	20	\N	\N	\N	\N	\N
178	21	\N	\N	\N	\N	\N
178	22	\N	\N	\N	\N	\N
178	23	\N	\N	\N	\N	\N
178	24	\N	\N	\N	\N	\N
178	25	\N	\N	\N	\N	\N
178	26	\N	\N	\N	\N	\N
179	1	\N	\N	\N	\N	\N
179	2	\N	\N	\N	\N	\N
179	3	\N	\N	\N	\N	\N
179	4	\N	\N	\N	\N	\N
179	5	\N	\N	\N	\N	\N
179	6	\N	\N	\N	\N	\N
179	7	\N	\N	\N	\N	\N
179	8	\N	\N	\N	\N	\N
179	9	\N	\N	\N	\N	\N
179	10	\N	\N	\N	\N	\N
179	11	\N	\N	\N	\N	\N
179	12	\N	\N	\N	\N	\N
179	13	\N	\N	\N	\N	\N
179	14	\N	\N	\N	\N	\N
179	15	\N	\N	\N	\N	\N
179	16	\N	\N	\N	\N	\N
179	17	\N	\N	\N	\N	\N
179	18	\N	\N	\N	\N	\N
179	19	\N	\N	\N	\N	\N
179	20	\N	\N	\N	\N	\N
179	21	\N	\N	\N	\N	\N
179	22	\N	\N	\N	\N	\N
179	23	\N	\N	\N	\N	\N
179	24	\N	\N	\N	\N	\N
179	25	\N	\N	\N	\N	\N
179	26	\N	\N	\N	\N	\N
180	1	\N	\N	\N	\N	\N
180	2	\N	\N	\N	\N	\N
180	3	\N	\N	\N	\N	\N
180	4	\N	\N	\N	\N	\N
180	5	\N	\N	\N	\N	\N
180	6	\N	\N	\N	\N	\N
180	7	\N	\N	\N	\N	\N
180	8	\N	\N	\N	\N	\N
180	9	\N	\N	\N	\N	\N
180	10	\N	\N	\N	\N	\N
180	11	\N	\N	\N	\N	\N
180	12	\N	\N	\N	\N	\N
180	13	\N	\N	\N	\N	\N
180	14	\N	\N	\N	\N	\N
180	15	\N	\N	\N	\N	\N
180	16	\N	\N	\N	\N	\N
180	17	\N	\N	\N	\N	\N
180	18	\N	\N	\N	\N	\N
180	19	\N	\N	\N	\N	\N
180	20	\N	\N	\N	\N	\N
180	21	\N	\N	\N	\N	\N
180	22	\N	\N	\N	\N	\N
180	23	\N	\N	\N	\N	\N
180	24	\N	\N	\N	\N	\N
180	25	\N	\N	\N	\N	\N
180	26	\N	\N	\N	\N	\N
181	1	\N	\N	\N	\N	\N
181	2	\N	\N	\N	\N	\N
181	3	\N	\N	\N	\N	\N
181	4	\N	\N	\N	\N	\N
181	5	\N	\N	\N	\N	\N
181	6	\N	\N	\N	\N	\N
181	7	\N	\N	\N	\N	\N
181	8	\N	\N	\N	\N	\N
181	9	\N	\N	\N	\N	\N
181	10	\N	\N	\N	\N	\N
181	11	\N	\N	\N	\N	\N
181	12	\N	\N	\N	\N	\N
181	13	\N	\N	\N	\N	\N
181	14	\N	\N	\N	\N	\N
181	15	\N	\N	\N	\N	\N
181	16	\N	\N	\N	\N	\N
181	17	\N	\N	\N	\N	\N
181	18	\N	\N	\N	\N	\N
181	19	\N	\N	\N	\N	\N
181	20	\N	\N	\N	\N	\N
181	21	\N	\N	\N	\N	\N
181	22	\N	\N	\N	\N	\N
181	23	\N	\N	\N	\N	\N
181	24	\N	\N	\N	\N	\N
181	25	\N	\N	\N	\N	\N
181	26	\N	\N	\N	\N	\N
182	1	\N	\N	\N	\N	\N
182	2	\N	\N	\N	\N	\N
182	3	\N	\N	\N	\N	\N
182	4	\N	\N	\N	\N	\N
182	5	\N	\N	\N	\N	\N
182	6	\N	\N	\N	\N	\N
182	7	\N	\N	\N	\N	\N
182	8	\N	\N	\N	\N	\N
182	9	\N	\N	\N	\N	\N
182	10	\N	\N	\N	\N	\N
182	11	\N	\N	\N	\N	\N
182	12	\N	\N	\N	\N	\N
182	13	\N	\N	\N	\N	\N
182	14	\N	\N	\N	\N	\N
182	15	\N	\N	\N	\N	\N
182	16	\N	\N	\N	\N	\N
182	17	\N	\N	\N	\N	\N
182	18	\N	\N	\N	\N	\N
182	19	\N	\N	\N	\N	\N
182	20	\N	\N	\N	\N	\N
182	21	\N	\N	\N	\N	\N
182	22	\N	\N	\N	\N	\N
182	23	\N	\N	\N	\N	\N
182	24	\N	\N	\N	\N	\N
182	25	\N	\N	\N	\N	\N
182	26	\N	\N	\N	\N	\N
183	1	\N	\N	\N	\N	\N
183	2	\N	\N	\N	\N	\N
183	3	\N	\N	\N	\N	\N
183	4	\N	\N	\N	\N	\N
183	5	\N	\N	\N	\N	\N
183	6	\N	\N	\N	\N	\N
183	7	\N	\N	\N	\N	\N
183	8	\N	\N	\N	\N	\N
183	9	\N	\N	\N	\N	\N
183	10	\N	\N	\N	\N	\N
183	11	\N	\N	\N	\N	\N
183	12	\N	\N	\N	\N	\N
183	13	\N	\N	\N	\N	\N
183	14	\N	\N	\N	\N	\N
183	15	\N	\N	\N	\N	\N
183	16	\N	\N	\N	\N	\N
183	17	\N	\N	\N	\N	\N
183	18	\N	\N	\N	\N	\N
183	19	\N	\N	\N	\N	\N
183	20	\N	\N	\N	\N	\N
183	21	\N	\N	\N	\N	\N
183	22	\N	\N	\N	\N	\N
183	23	\N	\N	\N	\N	\N
183	24	\N	\N	\N	\N	\N
183	25	\N	\N	\N	\N	\N
183	26	\N	\N	\N	\N	\N
184	1	\N	\N	\N	\N	\N
184	2	\N	\N	\N	\N	\N
184	3	\N	\N	\N	\N	\N
184	4	\N	\N	\N	\N	\N
184	5	\N	\N	\N	\N	\N
184	6	\N	\N	\N	\N	\N
184	7	\N	\N	\N	\N	\N
184	8	\N	\N	\N	\N	\N
184	9	\N	\N	\N	\N	\N
184	10	\N	\N	\N	\N	\N
184	11	\N	\N	\N	\N	\N
184	12	\N	\N	\N	\N	\N
184	13	\N	\N	\N	\N	\N
184	14	\N	\N	\N	\N	\N
184	15	\N	\N	\N	\N	\N
184	16	\N	\N	\N	\N	\N
184	17	\N	\N	\N	\N	\N
184	18	\N	\N	\N	\N	\N
184	19	\N	\N	\N	\N	\N
184	20	\N	\N	\N	\N	\N
184	21	\N	\N	\N	\N	\N
184	22	\N	\N	\N	\N	\N
184	23	\N	\N	\N	\N	\N
184	24	\N	\N	\N	\N	\N
184	25	\N	\N	\N	\N	\N
184	26	\N	\N	\N	\N	\N
185	1	\N	\N	\N	\N	\N
185	2	\N	\N	\N	\N	\N
185	3	\N	\N	\N	\N	\N
185	4	\N	\N	\N	\N	\N
185	5	\N	\N	\N	\N	\N
185	6	\N	\N	\N	\N	\N
185	7	\N	\N	\N	\N	\N
185	8	\N	\N	\N	\N	\N
185	9	\N	\N	\N	\N	\N
185	10	\N	\N	\N	\N	\N
185	11	\N	\N	\N	\N	\N
185	12	\N	\N	\N	\N	\N
185	13	\N	\N	\N	\N	\N
185	14	\N	\N	\N	\N	\N
185	15	\N	\N	\N	\N	\N
185	16	\N	\N	\N	\N	\N
185	17	\N	\N	\N	\N	\N
185	18	\N	\N	\N	\N	\N
185	19	\N	\N	\N	\N	\N
185	20	\N	\N	\N	\N	\N
185	21	\N	\N	\N	\N	\N
185	22	\N	\N	\N	\N	\N
185	23	\N	\N	\N	\N	\N
185	24	\N	\N	\N	\N	\N
185	25	\N	\N	\N	\N	\N
185	26	\N	\N	\N	\N	\N
186	1	\N	\N	\N	\N	\N
186	2	\N	\N	\N	\N	\N
186	3	\N	\N	\N	\N	\N
186	4	\N	\N	\N	\N	\N
186	5	\N	\N	\N	\N	\N
186	6	\N	\N	\N	\N	\N
186	7	\N	\N	\N	\N	\N
186	8	\N	\N	\N	\N	\N
186	9	\N	\N	\N	\N	\N
186	10	\N	\N	\N	\N	\N
186	11	\N	\N	\N	\N	\N
186	12	\N	\N	\N	\N	\N
186	13	\N	\N	\N	\N	\N
186	14	\N	\N	\N	\N	\N
186	15	\N	\N	\N	\N	\N
186	16	\N	\N	\N	\N	\N
186	17	\N	\N	\N	\N	\N
186	18	\N	\N	\N	\N	\N
186	19	\N	\N	\N	\N	\N
186	20	\N	\N	\N	\N	\N
186	21	\N	\N	\N	\N	\N
186	22	\N	\N	\N	\N	\N
186	23	\N	\N	\N	\N	\N
186	24	\N	\N	\N	\N	\N
186	25	\N	\N	\N	\N	\N
186	26	\N	\N	\N	\N	\N
187	1	\N	\N	\N	\N	\N
187	2	\N	\N	\N	\N	\N
187	3	\N	\N	\N	\N	\N
187	4	\N	\N	\N	\N	\N
187	5	\N	\N	\N	\N	\N
187	6	\N	\N	\N	\N	\N
187	7	\N	\N	\N	\N	\N
187	8	\N	\N	\N	\N	\N
187	9	\N	\N	\N	\N	\N
187	10	\N	\N	\N	\N	\N
187	11	\N	\N	\N	\N	\N
187	12	\N	\N	\N	\N	\N
187	13	\N	\N	\N	\N	\N
187	14	\N	\N	\N	\N	\N
187	15	\N	\N	\N	\N	\N
187	16	\N	\N	\N	\N	\N
187	17	\N	\N	\N	\N	\N
187	18	\N	\N	\N	\N	\N
187	19	\N	\N	\N	\N	\N
187	20	\N	\N	\N	\N	\N
187	21	\N	\N	\N	\N	\N
187	22	\N	\N	\N	\N	\N
187	23	\N	\N	\N	\N	\N
187	24	\N	\N	\N	\N	\N
187	25	\N	\N	\N	\N	\N
187	26	\N	\N	\N	\N	\N
188	1	\N	\N	\N	\N	\N
188	2	\N	\N	\N	\N	\N
188	3	\N	\N	\N	\N	\N
188	4	\N	\N	\N	\N	\N
188	5	\N	\N	\N	\N	\N
188	6	\N	\N	\N	\N	\N
188	7	\N	\N	\N	\N	\N
188	8	\N	\N	\N	\N	\N
188	9	\N	\N	\N	\N	\N
188	10	\N	\N	\N	\N	\N
188	11	\N	\N	\N	\N	\N
188	12	\N	\N	\N	\N	\N
188	13	\N	\N	\N	\N	\N
188	14	\N	\N	\N	\N	\N
188	15	\N	\N	\N	\N	\N
188	16	\N	\N	\N	\N	\N
188	17	\N	\N	\N	\N	\N
188	18	\N	\N	\N	\N	\N
188	19	\N	\N	\N	\N	\N
188	20	\N	\N	\N	\N	\N
188	21	\N	\N	\N	\N	\N
188	22	\N	\N	\N	\N	\N
188	23	\N	\N	\N	\N	\N
188	24	\N	\N	\N	\N	\N
188	25	\N	\N	\N	\N	\N
188	26	\N	\N	\N	\N	\N
189	1	\N	\N	\N	\N	\N
189	2	\N	\N	\N	\N	\N
189	3	\N	\N	\N	\N	\N
189	4	\N	\N	\N	\N	\N
189	5	\N	\N	\N	\N	\N
189	6	\N	\N	\N	\N	\N
189	7	\N	\N	\N	\N	\N
189	8	\N	\N	\N	\N	\N
189	9	\N	\N	\N	\N	\N
189	10	\N	\N	\N	\N	\N
189	11	\N	\N	\N	\N	\N
189	12	\N	\N	\N	\N	\N
189	13	\N	\N	\N	\N	\N
189	14	\N	\N	\N	\N	\N
189	15	\N	\N	\N	\N	\N
189	16	\N	\N	\N	\N	\N
189	17	\N	\N	\N	\N	\N
189	18	\N	\N	\N	\N	\N
189	19	\N	\N	\N	\N	\N
189	20	\N	\N	\N	\N	\N
189	21	\N	\N	\N	\N	\N
189	22	\N	\N	\N	\N	\N
189	23	\N	\N	\N	\N	\N
189	24	\N	\N	\N	\N	\N
189	25	\N	\N	\N	\N	\N
189	26	\N	\N	\N	\N	\N
190	1	\N	\N	\N	\N	\N
190	2	\N	\N	\N	\N	\N
190	3	\N	\N	\N	\N	\N
190	4	\N	\N	\N	\N	\N
190	5	\N	\N	\N	\N	\N
190	6	\N	\N	\N	\N	\N
190	7	\N	\N	\N	\N	\N
190	8	\N	\N	\N	\N	\N
190	9	\N	\N	\N	\N	\N
190	10	\N	\N	\N	\N	\N
190	11	\N	\N	\N	\N	\N
190	12	\N	\N	\N	\N	\N
190	13	\N	\N	\N	\N	\N
190	14	\N	\N	\N	\N	\N
190	15	\N	\N	\N	\N	\N
190	16	\N	\N	\N	\N	\N
190	17	\N	\N	\N	\N	\N
190	18	\N	\N	\N	\N	\N
190	19	\N	\N	\N	\N	\N
190	20	\N	\N	\N	\N	\N
190	21	\N	\N	\N	\N	\N
190	22	\N	\N	\N	\N	\N
190	23	\N	\N	\N	\N	\N
190	24	\N	\N	\N	\N	\N
190	25	\N	\N	\N	\N	\N
190	26	\N	\N	\N	\N	\N
191	1	\N	\N	\N	\N	\N
191	2	\N	\N	\N	\N	\N
191	3	\N	\N	\N	\N	\N
191	4	\N	\N	\N	\N	\N
191	5	\N	\N	\N	\N	\N
191	6	\N	\N	\N	\N	\N
191	7	\N	\N	\N	\N	\N
191	8	\N	\N	\N	\N	\N
191	9	\N	\N	\N	\N	\N
191	10	\N	\N	\N	\N	\N
191	11	\N	\N	\N	\N	\N
191	12	\N	\N	\N	\N	\N
191	13	\N	\N	\N	\N	\N
191	14	\N	\N	\N	\N	\N
191	15	\N	\N	\N	\N	\N
191	16	\N	\N	\N	\N	\N
191	17	\N	\N	\N	\N	\N
191	18	\N	\N	\N	\N	\N
191	19	\N	\N	\N	\N	\N
191	20	\N	\N	\N	\N	\N
191	21	\N	\N	\N	\N	\N
191	22	\N	\N	\N	\N	\N
191	23	\N	\N	\N	\N	\N
191	24	\N	\N	\N	\N	\N
191	25	\N	\N	\N	\N	\N
191	26	\N	\N	\N	\N	\N
192	1	\N	\N	\N	\N	\N
192	2	\N	\N	\N	\N	\N
192	3	\N	\N	\N	\N	\N
192	4	\N	\N	\N	\N	\N
192	5	\N	\N	\N	\N	\N
192	6	\N	\N	\N	\N	\N
192	7	\N	\N	\N	\N	\N
192	8	\N	\N	\N	\N	\N
192	9	\N	\N	\N	\N	\N
192	10	\N	\N	\N	\N	\N
192	11	\N	\N	\N	\N	\N
192	12	\N	\N	\N	\N	\N
192	13	\N	\N	\N	\N	\N
192	14	\N	\N	\N	\N	\N
192	15	\N	\N	\N	\N	\N
192	16	\N	\N	\N	\N	\N
192	17	\N	\N	\N	\N	\N
192	18	\N	\N	\N	\N	\N
192	19	\N	\N	\N	\N	\N
192	20	\N	\N	\N	\N	\N
192	21	\N	\N	\N	\N	\N
192	22	\N	\N	\N	\N	\N
192	23	\N	\N	\N	\N	\N
192	24	\N	\N	\N	\N	\N
192	25	\N	\N	\N	\N	\N
192	26	\N	\N	\N	\N	\N
193	1	\N	\N	\N	\N	\N
193	2	\N	\N	\N	\N	\N
193	3	\N	\N	\N	\N	\N
193	4	\N	\N	\N	\N	\N
193	5	\N	\N	\N	\N	\N
193	6	\N	\N	\N	\N	\N
193	7	\N	\N	\N	\N	\N
193	8	\N	\N	\N	\N	\N
193	9	\N	\N	\N	\N	\N
193	10	\N	\N	\N	\N	\N
193	11	\N	\N	\N	\N	\N
193	12	\N	\N	\N	\N	\N
193	13	\N	\N	\N	\N	\N
193	14	\N	\N	\N	\N	\N
193	15	\N	\N	\N	\N	\N
193	16	\N	\N	\N	\N	\N
193	17	\N	\N	\N	\N	\N
193	18	\N	\N	\N	\N	\N
193	19	\N	\N	\N	\N	\N
193	20	\N	\N	\N	\N	\N
193	21	\N	\N	\N	\N	\N
193	22	\N	\N	\N	\N	\N
193	23	\N	\N	\N	\N	\N
193	24	\N	\N	\N	\N	\N
193	25	\N	\N	\N	\N	\N
193	26	\N	\N	\N	\N	\N
194	1	\N	\N	\N	\N	\N
194	2	\N	\N	\N	\N	\N
194	3	\N	\N	\N	\N	\N
194	4	\N	\N	\N	\N	\N
194	5	\N	\N	\N	\N	\N
194	6	\N	\N	\N	\N	\N
194	7	\N	\N	\N	\N	\N
194	8	\N	\N	\N	\N	\N
194	9	\N	\N	\N	\N	\N
194	10	\N	\N	\N	\N	\N
194	11	\N	\N	\N	\N	\N
194	12	\N	\N	\N	\N	\N
194	13	\N	\N	\N	\N	\N
194	14	\N	\N	\N	\N	\N
194	15	\N	\N	\N	\N	\N
194	16	\N	\N	\N	\N	\N
194	17	\N	\N	\N	\N	\N
194	18	\N	\N	\N	\N	\N
194	19	\N	\N	\N	\N	\N
194	20	\N	\N	\N	\N	\N
194	21	\N	\N	\N	\N	\N
194	22	\N	\N	\N	\N	\N
194	23	\N	\N	\N	\N	\N
194	24	\N	\N	\N	\N	\N
194	25	\N	\N	\N	\N	\N
194	26	\N	\N	\N	\N	\N
195	1	\N	\N	\N	\N	\N
195	2	\N	\N	\N	\N	\N
195	3	\N	\N	\N	\N	\N
195	4	\N	\N	\N	\N	\N
195	5	\N	\N	\N	\N	\N
195	6	\N	\N	\N	\N	\N
195	7	\N	\N	\N	\N	\N
195	8	\N	\N	\N	\N	\N
195	9	\N	\N	\N	\N	\N
195	10	\N	\N	\N	\N	\N
195	11	\N	\N	\N	\N	\N
195	12	\N	\N	\N	\N	\N
195	13	\N	\N	\N	\N	\N
195	14	\N	\N	\N	\N	\N
195	15	\N	\N	\N	\N	\N
195	16	\N	\N	\N	\N	\N
195	17	\N	\N	\N	\N	\N
195	18	\N	\N	\N	\N	\N
195	19	\N	\N	\N	\N	\N
195	20	\N	\N	\N	\N	\N
195	21	\N	\N	\N	\N	\N
195	22	\N	\N	\N	\N	\N
195	23	\N	\N	\N	\N	\N
195	24	\N	\N	\N	\N	\N
195	25	\N	\N	\N	\N	\N
195	26	\N	\N	\N	\N	\N
196	1	\N	\N	\N	\N	\N
196	2	\N	\N	\N	\N	\N
196	3	\N	\N	\N	\N	\N
196	4	\N	\N	\N	\N	\N
196	5	\N	\N	\N	\N	\N
196	6	\N	\N	\N	\N	\N
196	7	\N	\N	\N	\N	\N
196	8	\N	\N	\N	\N	\N
196	9	\N	\N	\N	\N	\N
196	10	\N	\N	\N	\N	\N
196	11	\N	\N	\N	\N	\N
196	12	\N	\N	\N	\N	\N
196	13	\N	\N	\N	\N	\N
196	14	\N	\N	\N	\N	\N
196	15	\N	\N	\N	\N	\N
196	16	\N	\N	\N	\N	\N
196	17	\N	\N	\N	\N	\N
196	18	\N	\N	\N	\N	\N
196	19	\N	\N	\N	\N	\N
196	20	\N	\N	\N	\N	\N
196	21	\N	\N	\N	\N	\N
196	22	\N	\N	\N	\N	\N
196	23	\N	\N	\N	\N	\N
196	24	\N	\N	\N	\N	\N
196	25	\N	\N	\N	\N	\N
196	26	\N	\N	\N	\N	\N
197	1	\N	\N	\N	\N	\N
197	2	\N	\N	\N	\N	\N
197	3	\N	\N	\N	\N	\N
197	4	\N	\N	\N	\N	\N
197	5	\N	\N	\N	\N	\N
197	6	\N	\N	\N	\N	\N
197	7	\N	\N	\N	\N	\N
197	8	\N	\N	\N	\N	\N
197	9	\N	\N	\N	\N	\N
197	10	\N	\N	\N	\N	\N
197	11	\N	\N	\N	\N	\N
197	12	\N	\N	\N	\N	\N
197	13	\N	\N	\N	\N	\N
197	14	\N	\N	\N	\N	\N
197	15	\N	\N	\N	\N	\N
197	16	\N	\N	\N	\N	\N
197	17	\N	\N	\N	\N	\N
197	18	\N	\N	\N	\N	\N
197	19	\N	\N	\N	\N	\N
197	20	\N	\N	\N	\N	\N
197	21	\N	\N	\N	\N	\N
197	22	\N	\N	\N	\N	\N
197	23	\N	\N	\N	\N	\N
197	24	\N	\N	\N	\N	\N
197	25	\N	\N	\N	\N	\N
197	26	\N	\N	\N	\N	\N
198	1	\N	\N	\N	\N	\N
198	2	\N	\N	\N	\N	\N
198	3	\N	\N	\N	\N	\N
198	4	\N	\N	\N	\N	\N
198	5	\N	\N	\N	\N	\N
198	6	\N	\N	\N	\N	\N
198	7	\N	\N	\N	\N	\N
198	8	\N	\N	\N	\N	\N
198	9	\N	\N	\N	\N	\N
198	10	\N	\N	\N	\N	\N
198	11	\N	\N	\N	\N	\N
198	12	\N	\N	\N	\N	\N
198	13	\N	\N	\N	\N	\N
198	14	\N	\N	\N	\N	\N
198	15	\N	\N	\N	\N	\N
198	16	\N	\N	\N	\N	\N
198	17	\N	\N	\N	\N	\N
198	18	\N	\N	\N	\N	\N
198	19	\N	\N	\N	\N	\N
198	20	\N	\N	\N	\N	\N
198	21	\N	\N	\N	\N	\N
198	22	\N	\N	\N	\N	\N
198	23	\N	\N	\N	\N	\N
198	24	\N	\N	\N	\N	\N
198	25	\N	\N	\N	\N	\N
198	26	\N	\N	\N	\N	\N
199	1	\N	\N	\N	\N	\N
199	2	\N	\N	\N	\N	\N
199	3	\N	\N	\N	\N	\N
199	4	\N	\N	\N	\N	\N
199	5	\N	\N	\N	\N	\N
199	6	\N	\N	\N	\N	\N
199	7	\N	\N	\N	\N	\N
199	8	\N	\N	\N	\N	\N
199	9	\N	\N	\N	\N	\N
199	10	\N	\N	\N	\N	\N
199	11	\N	\N	\N	\N	\N
199	12	\N	\N	\N	\N	\N
199	13	\N	\N	\N	\N	\N
199	14	\N	\N	\N	\N	\N
199	15	\N	\N	\N	\N	\N
199	16	\N	\N	\N	\N	\N
199	17	\N	\N	\N	\N	\N
199	18	\N	\N	\N	\N	\N
199	19	\N	\N	\N	\N	\N
199	20	\N	\N	\N	\N	\N
199	21	\N	\N	\N	\N	\N
199	22	\N	\N	\N	\N	\N
199	23	\N	\N	\N	\N	\N
199	24	\N	\N	\N	\N	\N
199	25	\N	\N	\N	\N	\N
199	26	\N	\N	\N	\N	\N
200	1	\N	\N	\N	\N	\N
200	2	\N	\N	\N	\N	\N
200	3	\N	\N	\N	\N	\N
200	4	\N	\N	\N	\N	\N
200	5	\N	\N	\N	\N	\N
200	6	\N	\N	\N	\N	\N
200	7	\N	\N	\N	\N	\N
200	8	\N	\N	\N	\N	\N
200	9	\N	\N	\N	\N	\N
200	10	\N	\N	\N	\N	\N
200	11	\N	\N	\N	\N	\N
200	12	\N	\N	\N	\N	\N
200	13	\N	\N	\N	\N	\N
200	14	\N	\N	\N	\N	\N
200	15	\N	\N	\N	\N	\N
200	16	\N	\N	\N	\N	\N
200	17	\N	\N	\N	\N	\N
200	18	\N	\N	\N	\N	\N
200	19	\N	\N	\N	\N	\N
200	20	\N	\N	\N	\N	\N
200	21	\N	\N	\N	\N	\N
200	22	\N	\N	\N	\N	\N
200	23	\N	\N	\N	\N	\N
200	24	\N	\N	\N	\N	\N
200	25	\N	\N	\N	\N	\N
200	26	\N	\N	\N	\N	\N
201	1	\N	\N	\N	\N	\N
201	2	\N	\N	\N	\N	\N
201	3	\N	\N	\N	\N	\N
201	4	\N	\N	\N	\N	\N
201	5	\N	\N	\N	\N	\N
201	6	\N	\N	\N	\N	\N
201	7	\N	\N	\N	\N	\N
201	8	\N	\N	\N	\N	\N
201	9	\N	\N	\N	\N	\N
201	10	\N	\N	\N	\N	\N
201	11	\N	\N	\N	\N	\N
201	12	\N	\N	\N	\N	\N
201	13	\N	\N	\N	\N	\N
201	14	\N	\N	\N	\N	\N
201	15	\N	\N	\N	\N	\N
201	16	\N	\N	\N	\N	\N
201	17	\N	\N	\N	\N	\N
201	18	\N	\N	\N	\N	\N
201	19	\N	\N	\N	\N	\N
201	20	\N	\N	\N	\N	\N
201	21	\N	\N	\N	\N	\N
201	22	\N	\N	\N	\N	\N
201	23	\N	\N	\N	\N	\N
201	24	\N	\N	\N	\N	\N
201	25	\N	\N	\N	\N	\N
201	26	\N	\N	\N	\N	\N
202	1	\N	\N	\N	\N	\N
202	2	\N	\N	\N	\N	\N
202	3	\N	\N	\N	\N	\N
202	4	\N	\N	\N	\N	\N
202	5	\N	\N	\N	\N	\N
202	6	\N	\N	\N	\N	\N
202	7	\N	\N	\N	\N	\N
202	8	\N	\N	\N	\N	\N
202	9	\N	\N	\N	\N	\N
202	10	\N	\N	\N	\N	\N
202	11	\N	\N	\N	\N	\N
202	12	\N	\N	\N	\N	\N
202	13	\N	\N	\N	\N	\N
202	14	\N	\N	\N	\N	\N
202	15	\N	\N	\N	\N	\N
202	16	\N	\N	\N	\N	\N
202	17	\N	\N	\N	\N	\N
202	18	\N	\N	\N	\N	\N
202	19	\N	\N	\N	\N	\N
202	20	\N	\N	\N	\N	\N
202	21	\N	\N	\N	\N	\N
202	22	\N	\N	\N	\N	\N
202	23	\N	\N	\N	\N	\N
202	24	\N	\N	\N	\N	\N
202	25	\N	\N	\N	\N	\N
202	26	\N	\N	\N	\N	\N
203	1	\N	\N	\N	\N	\N
203	2	\N	\N	\N	\N	\N
203	3	\N	\N	\N	\N	\N
203	4	\N	\N	\N	\N	\N
203	5	\N	\N	\N	\N	\N
203	6	\N	\N	\N	\N	\N
203	7	\N	\N	\N	\N	\N
203	8	\N	\N	\N	\N	\N
203	9	\N	\N	\N	\N	\N
203	10	\N	\N	\N	\N	\N
203	11	\N	\N	\N	\N	\N
203	12	\N	\N	\N	\N	\N
203	13	\N	\N	\N	\N	\N
203	14	\N	\N	\N	\N	\N
203	15	\N	\N	\N	\N	\N
203	16	\N	\N	\N	\N	\N
203	17	\N	\N	\N	\N	\N
203	18	\N	\N	\N	\N	\N
203	19	\N	\N	\N	\N	\N
203	20	\N	\N	\N	\N	\N
203	21	\N	\N	\N	\N	\N
203	22	\N	\N	\N	\N	\N
203	23	\N	\N	\N	\N	\N
203	24	\N	\N	\N	\N	\N
203	25	\N	\N	\N	\N	\N
203	26	\N	\N	\N	\N	\N
204	1	\N	\N	\N	\N	\N
204	2	\N	\N	\N	\N	\N
204	3	\N	\N	\N	\N	\N
204	4	\N	\N	\N	\N	\N
204	5	\N	\N	\N	\N	\N
204	6	\N	\N	\N	\N	\N
204	7	\N	\N	\N	\N	\N
204	8	\N	\N	\N	\N	\N
204	9	\N	\N	\N	\N	\N
204	10	\N	\N	\N	\N	\N
204	11	\N	\N	\N	\N	\N
204	12	\N	\N	\N	\N	\N
204	13	\N	\N	\N	\N	\N
204	14	\N	\N	\N	\N	\N
204	15	\N	\N	\N	\N	\N
204	16	\N	\N	\N	\N	\N
204	17	\N	\N	\N	\N	\N
204	18	\N	\N	\N	\N	\N
204	19	\N	\N	\N	\N	\N
204	20	\N	\N	\N	\N	\N
204	21	\N	\N	\N	\N	\N
204	22	\N	\N	\N	\N	\N
204	23	\N	\N	\N	\N	\N
204	24	\N	\N	\N	\N	\N
204	25	\N	\N	\N	\N	\N
204	26	\N	\N	\N	\N	\N
205	1	\N	\N	\N	\N	\N
205	2	\N	\N	\N	\N	\N
205	3	\N	\N	\N	\N	\N
205	4	\N	\N	\N	\N	\N
205	5	\N	\N	\N	\N	\N
205	6	\N	\N	\N	\N	\N
205	7	\N	\N	\N	\N	\N
205	8	\N	\N	\N	\N	\N
205	9	\N	\N	\N	\N	\N
205	10	\N	\N	\N	\N	\N
205	11	\N	\N	\N	\N	\N
205	12	\N	\N	\N	\N	\N
205	13	\N	\N	\N	\N	\N
205	14	\N	\N	\N	\N	\N
205	15	\N	\N	\N	\N	\N
205	16	\N	\N	\N	\N	\N
205	17	\N	\N	\N	\N	\N
205	18	\N	\N	\N	\N	\N
205	19	\N	\N	\N	\N	\N
205	20	\N	\N	\N	\N	\N
205	21	\N	\N	\N	\N	\N
205	22	\N	\N	\N	\N	\N
205	23	\N	\N	\N	\N	\N
205	24	\N	\N	\N	\N	\N
205	25	\N	\N	\N	\N	\N
205	26	\N	\N	\N	\N	\N
206	1	\N	\N	\N	\N	\N
206	2	\N	\N	\N	\N	\N
206	3	\N	\N	\N	\N	\N
206	4	\N	\N	\N	\N	\N
206	5	\N	\N	\N	\N	\N
206	6	\N	\N	\N	\N	\N
206	7	\N	\N	\N	\N	\N
206	8	\N	\N	\N	\N	\N
206	9	\N	\N	\N	\N	\N
206	10	\N	\N	\N	\N	\N
206	11	\N	\N	\N	\N	\N
206	12	\N	\N	\N	\N	\N
206	13	\N	\N	\N	\N	\N
206	14	\N	\N	\N	\N	\N
206	15	\N	\N	\N	\N	\N
206	16	\N	\N	\N	\N	\N
206	17	\N	\N	\N	\N	\N
206	18	\N	\N	\N	\N	\N
206	19	\N	\N	\N	\N	\N
206	20	\N	\N	\N	\N	\N
206	21	\N	\N	\N	\N	\N
206	22	\N	\N	\N	\N	\N
206	23	\N	\N	\N	\N	\N
206	24	\N	\N	\N	\N	\N
206	25	\N	\N	\N	\N	\N
206	26	\N	\N	\N	\N	\N
207	1	\N	\N	\N	\N	\N
207	2	\N	\N	\N	\N	\N
207	3	\N	\N	\N	\N	\N
207	4	\N	\N	\N	\N	\N
207	5	\N	\N	\N	\N	\N
207	6	\N	\N	\N	\N	\N
207	7	\N	\N	\N	\N	\N
207	8	\N	\N	\N	\N	\N
207	9	\N	\N	\N	\N	\N
207	10	\N	\N	\N	\N	\N
207	11	\N	\N	\N	\N	\N
207	12	\N	\N	\N	\N	\N
207	13	\N	\N	\N	\N	\N
207	14	\N	\N	\N	\N	\N
207	15	\N	\N	\N	\N	\N
207	16	\N	\N	\N	\N	\N
207	17	\N	\N	\N	\N	\N
207	18	\N	\N	\N	\N	\N
207	19	\N	\N	\N	\N	\N
207	20	\N	\N	\N	\N	\N
207	21	\N	\N	\N	\N	\N
207	22	\N	\N	\N	\N	\N
207	23	\N	\N	\N	\N	\N
207	24	\N	\N	\N	\N	\N
207	25	\N	\N	\N	\N	\N
207	26	\N	\N	\N	\N	\N
208	1	\N	\N	\N	\N	\N
208	2	\N	\N	\N	\N	\N
208	3	\N	\N	\N	\N	\N
208	4	\N	\N	\N	\N	\N
208	5	\N	\N	\N	\N	\N
208	6	\N	\N	\N	\N	\N
208	7	\N	\N	\N	\N	\N
208	8	\N	\N	\N	\N	\N
208	9	\N	\N	\N	\N	\N
208	10	\N	\N	\N	\N	\N
208	11	\N	\N	\N	\N	\N
208	12	\N	\N	\N	\N	\N
208	13	\N	\N	\N	\N	\N
208	14	\N	\N	\N	\N	\N
208	15	\N	\N	\N	\N	\N
208	16	\N	\N	\N	\N	\N
208	17	\N	\N	\N	\N	\N
208	18	\N	\N	\N	\N	\N
208	19	\N	\N	\N	\N	\N
208	20	\N	\N	\N	\N	\N
208	21	\N	\N	\N	\N	\N
208	22	\N	\N	\N	\N	\N
208	23	\N	\N	\N	\N	\N
208	24	\N	\N	\N	\N	\N
208	25	\N	\N	\N	\N	\N
208	26	\N	\N	\N	\N	\N
209	1	\N	\N	\N	\N	\N
209	2	\N	\N	\N	\N	\N
209	3	\N	\N	\N	\N	\N
209	4	\N	\N	\N	\N	\N
209	5	\N	\N	\N	\N	\N
209	6	\N	\N	\N	\N	\N
209	7	\N	\N	\N	\N	\N
209	8	\N	\N	\N	\N	\N
209	9	\N	\N	\N	\N	\N
209	10	\N	\N	\N	\N	\N
209	11	\N	\N	\N	\N	\N
209	12	\N	\N	\N	\N	\N
209	13	\N	\N	\N	\N	\N
209	14	\N	\N	\N	\N	\N
209	15	\N	\N	\N	\N	\N
209	16	\N	\N	\N	\N	\N
209	17	\N	\N	\N	\N	\N
209	18	\N	\N	\N	\N	\N
209	19	\N	\N	\N	\N	\N
209	20	\N	\N	\N	\N	\N
209	21	\N	\N	\N	\N	\N
209	22	\N	\N	\N	\N	\N
209	23	\N	\N	\N	\N	\N
209	24	\N	\N	\N	\N	\N
209	25	\N	\N	\N	\N	\N
209	26	\N	\N	\N	\N	\N
210	1	\N	\N	\N	\N	\N
210	2	\N	\N	\N	\N	\N
210	3	\N	\N	\N	\N	\N
210	4	\N	\N	\N	\N	\N
210	5	\N	\N	\N	\N	\N
210	6	\N	\N	\N	\N	\N
210	7	\N	\N	\N	\N	\N
210	8	\N	\N	\N	\N	\N
210	9	\N	\N	\N	\N	\N
210	10	\N	\N	\N	\N	\N
210	11	\N	\N	\N	\N	\N
210	12	\N	\N	\N	\N	\N
210	13	\N	\N	\N	\N	\N
210	14	\N	\N	\N	\N	\N
210	15	\N	\N	\N	\N	\N
210	16	\N	\N	\N	\N	\N
210	17	\N	\N	\N	\N	\N
210	18	\N	\N	\N	\N	\N
210	19	\N	\N	\N	\N	\N
210	20	\N	\N	\N	\N	\N
210	21	\N	\N	\N	\N	\N
210	22	\N	\N	\N	\N	\N
210	23	\N	\N	\N	\N	\N
210	24	\N	\N	\N	\N	\N
210	25	\N	\N	\N	\N	\N
210	26	\N	\N	\N	\N	\N
211	1	\N	\N	\N	\N	\N
211	2	\N	\N	\N	\N	\N
211	3	\N	\N	\N	\N	\N
211	4	\N	\N	\N	\N	\N
211	5	\N	\N	\N	\N	\N
211	6	\N	\N	\N	\N	\N
211	7	\N	\N	\N	\N	\N
211	8	\N	\N	\N	\N	\N
211	9	\N	\N	\N	\N	\N
211	10	\N	\N	\N	\N	\N
211	11	\N	\N	\N	\N	\N
211	12	\N	\N	\N	\N	\N
211	13	\N	\N	\N	\N	\N
211	14	\N	\N	\N	\N	\N
211	15	\N	\N	\N	\N	\N
211	16	\N	\N	\N	\N	\N
211	17	\N	\N	\N	\N	\N
211	18	\N	\N	\N	\N	\N
211	19	\N	\N	\N	\N	\N
211	20	\N	\N	\N	\N	\N
211	21	\N	\N	\N	\N	\N
211	22	\N	\N	\N	\N	\N
211	23	\N	\N	\N	\N	\N
211	24	\N	\N	\N	\N	\N
211	25	\N	\N	\N	\N	\N
211	26	\N	\N	\N	\N	\N
212	1	\N	\N	\N	\N	\N
212	2	\N	\N	\N	\N	\N
212	3	\N	\N	\N	\N	\N
212	4	\N	\N	\N	\N	\N
212	5	\N	\N	\N	\N	\N
212	6	\N	\N	\N	\N	\N
212	7	\N	\N	\N	\N	\N
212	8	\N	\N	\N	\N	\N
212	9	\N	\N	\N	\N	\N
212	10	\N	\N	\N	\N	\N
212	11	\N	\N	\N	\N	\N
212	12	\N	\N	\N	\N	\N
212	13	\N	\N	\N	\N	\N
212	14	\N	\N	\N	\N	\N
212	15	\N	\N	\N	\N	\N
212	16	\N	\N	\N	\N	\N
212	17	\N	\N	\N	\N	\N
212	18	\N	\N	\N	\N	\N
212	19	\N	\N	\N	\N	\N
212	20	\N	\N	\N	\N	\N
212	21	\N	\N	\N	\N	\N
212	22	\N	\N	\N	\N	\N
212	23	\N	\N	\N	\N	\N
212	24	\N	\N	\N	\N	\N
212	25	\N	\N	\N	\N	\N
212	26	\N	\N	\N	\N	\N
213	1	\N	\N	\N	\N	\N
213	2	\N	\N	\N	\N	\N
213	3	\N	\N	\N	\N	\N
213	4	\N	\N	\N	\N	\N
213	5	\N	\N	\N	\N	\N
213	6	\N	\N	\N	\N	\N
213	7	\N	\N	\N	\N	\N
213	8	\N	\N	\N	\N	\N
213	9	\N	\N	\N	\N	\N
213	10	\N	\N	\N	\N	\N
213	11	\N	\N	\N	\N	\N
213	12	\N	\N	\N	\N	\N
213	13	\N	\N	\N	\N	\N
213	14	\N	\N	\N	\N	\N
213	15	\N	\N	\N	\N	\N
213	16	\N	\N	\N	\N	\N
213	17	\N	\N	\N	\N	\N
213	18	\N	\N	\N	\N	\N
213	19	\N	\N	\N	\N	\N
213	20	\N	\N	\N	\N	\N
213	21	\N	\N	\N	\N	\N
213	22	\N	\N	\N	\N	\N
213	23	\N	\N	\N	\N	\N
213	24	\N	\N	\N	\N	\N
213	25	\N	\N	\N	\N	\N
213	26	\N	\N	\N	\N	\N
214	1	\N	\N	\N	\N	\N
214	2	\N	\N	\N	\N	\N
214	3	\N	\N	\N	\N	\N
214	4	\N	\N	\N	\N	\N
214	5	\N	\N	\N	\N	\N
214	6	\N	\N	\N	\N	\N
214	7	\N	\N	\N	\N	\N
214	8	\N	\N	\N	\N	\N
214	9	\N	\N	\N	\N	\N
214	10	\N	\N	\N	\N	\N
214	11	\N	\N	\N	\N	\N
214	12	\N	\N	\N	\N	\N
214	13	\N	\N	\N	\N	\N
214	14	\N	\N	\N	\N	\N
214	15	\N	\N	\N	\N	\N
214	16	\N	\N	\N	\N	\N
214	17	\N	\N	\N	\N	\N
214	18	\N	\N	\N	\N	\N
214	19	\N	\N	\N	\N	\N
214	20	\N	\N	\N	\N	\N
214	21	\N	\N	\N	\N	\N
214	22	\N	\N	\N	\N	\N
214	23	\N	\N	\N	\N	\N
214	24	\N	\N	\N	\N	\N
214	25	\N	\N	\N	\N	\N
214	26	\N	\N	\N	\N	\N
215	1	\N	\N	\N	\N	\N
215	2	\N	\N	\N	\N	\N
215	3	\N	\N	\N	\N	\N
215	4	\N	\N	\N	\N	\N
215	5	\N	\N	\N	\N	\N
215	6	\N	\N	\N	\N	\N
215	7	\N	\N	\N	\N	\N
215	8	\N	\N	\N	\N	\N
215	9	\N	\N	\N	\N	\N
215	10	\N	\N	\N	\N	\N
215	11	\N	\N	\N	\N	\N
215	12	\N	\N	\N	\N	\N
215	13	\N	\N	\N	\N	\N
215	14	\N	\N	\N	\N	\N
215	15	\N	\N	\N	\N	\N
215	16	\N	\N	\N	\N	\N
215	17	\N	\N	\N	\N	\N
215	18	\N	\N	\N	\N	\N
215	19	\N	\N	\N	\N	\N
215	20	\N	\N	\N	\N	\N
215	21	\N	\N	\N	\N	\N
215	22	\N	\N	\N	\N	\N
215	23	\N	\N	\N	\N	\N
215	24	\N	\N	\N	\N	\N
215	25	\N	\N	\N	\N	\N
215	26	\N	\N	\N	\N	\N
216	1	\N	\N	\N	\N	\N
216	2	\N	\N	\N	\N	\N
216	3	\N	\N	\N	\N	\N
216	4	\N	\N	\N	\N	\N
216	5	\N	\N	\N	\N	\N
216	6	\N	\N	\N	\N	\N
216	7	\N	\N	\N	\N	\N
216	8	\N	\N	\N	\N	\N
216	9	\N	\N	\N	\N	\N
216	10	\N	\N	\N	\N	\N
216	11	\N	\N	\N	\N	\N
216	12	\N	\N	\N	\N	\N
216	13	\N	\N	\N	\N	\N
216	14	\N	\N	\N	\N	\N
216	15	\N	\N	\N	\N	\N
216	16	\N	\N	\N	\N	\N
216	17	\N	\N	\N	\N	\N
216	18	\N	\N	\N	\N	\N
216	19	\N	\N	\N	\N	\N
216	20	\N	\N	\N	\N	\N
216	21	\N	\N	\N	\N	\N
216	22	\N	\N	\N	\N	\N
216	23	\N	\N	\N	\N	\N
216	24	\N	\N	\N	\N	\N
216	25	\N	\N	\N	\N	\N
216	26	\N	\N	\N	\N	\N
217	1	\N	\N	\N	\N	\N
217	2	\N	\N	\N	\N	\N
217	3	\N	\N	\N	\N	\N
217	4	\N	\N	\N	\N	\N
217	5	\N	\N	\N	\N	\N
217	6	\N	\N	\N	\N	\N
217	7	\N	\N	\N	\N	\N
217	8	\N	\N	\N	\N	\N
217	9	\N	\N	\N	\N	\N
217	10	\N	\N	\N	\N	\N
217	11	\N	\N	\N	\N	\N
217	12	\N	\N	\N	\N	\N
217	13	\N	\N	\N	\N	\N
217	14	\N	\N	\N	\N	\N
217	15	\N	\N	\N	\N	\N
217	16	\N	\N	\N	\N	\N
217	17	\N	\N	\N	\N	\N
217	18	\N	\N	\N	\N	\N
217	19	\N	\N	\N	\N	\N
217	20	\N	\N	\N	\N	\N
217	21	\N	\N	\N	\N	\N
217	22	\N	\N	\N	\N	\N
217	23	\N	\N	\N	\N	\N
217	24	\N	\N	\N	\N	\N
217	25	\N	\N	\N	\N	\N
217	26	\N	\N	\N	\N	\N
\.


--
-- TOC entry 4930 (class 0 OID 16547)
-- Dependencies: 224
-- Data for Name: Environmental Indicator; Type: TABLE DATA; Schema: public; Owner: postgres
--

COPY public."Environmental Indicator" ("ID_Environmental", "Low_Carbon", "Reneable", "CO2_Emision") FROM stdin;
\.


--
-- TOC entry 4925 (class 0 OID 16520)
-- Dependencies: 219
-- Data for Name: GDP; Type: TABLE DATA; Schema: public; Owner: postgres
--

COPY public."GDP" ("ID_GDP", "GDP", "Population", "Health_Expendicture") FROM stdin;
\.


--
-- TOC entry 4924 (class 0 OID 16515)
-- Dependencies: 218
-- Data for Name: IDH; Type: TABLE DATA; Schema: public; Owner: postgres
--

COPY public."IDH" ("ID_IDH", "IDH", "Eletricity", "Sanitation", "Health", "Standard_Living") FROM stdin;
\.


--
-- TOC entry 4929 (class 0 OID 16542)
-- Dependencies: 223
-- Data for Name: Power Consumed; Type: TABLE DATA; Schema: public; Owner: postgres
--

COPY public."Power Consumed" ("ID_Consumed", "GWH", "PowerImport") FROM stdin;
\.


--
-- TOC entry 4928 (class 0 OID 16537)
-- Dependencies: 222
-- Data for Name: Power Source; Type: TABLE DATA; Schema: public; Owner: postgres
--

COPY public."Power Source" ("ID_Power", "Name", "Type") FROM stdin;
1	Other renewables excluding bioenergy	Renewable
2	Bioenergy	Renewable
3	Solar	Renewable
4	Wind	Renewable
5	Hydro	Renewable
6	Nuclear	Low Carbon
7	Oil	Fossil Fuel
8	Gas	Fossil Fuel
9	Coal	Fossil Fuel
\.


--
-- TOC entry 4923 (class 0 OID 16510)
-- Dependencies: 217
-- Data for Name: Setor; Type: TABLE DATA; Schema: public; Owner: postgres
--

COPY public."Setor" ("ID_Server", "Name", "Descrition") FROM stdin;
2	Agriculture     Crop residues burning, enteric fermentation, manure management, indirect N2O emissions from agriculture
3	Buildings   Small scale non-industrial stationary combustion
4	Fuel Exploitation   Production transformation and refining of fuels
5	Industrial Combustion   Combustion for industrial manufacturing
6	Power Industry  Power and heat generation plants (public & autoproducers)
7	Processes   Industrial processes (e.g. emissions from the production of cement, iron and steel, aluminum, chemicals, solvents, etc.)
8	Transport   Mobile combustion (road & rail & ship & aviation)
9	Waste   Solid waste disposal and waste water treatment
\.


--
-- TOC entry 4933 (class 0 OID 16558)
-- Dependencies: 227
-- Data for Name: Setor_Year; Type: TABLE DATA; Schema: public; Owner: postgres
--

COPY public."Setor_Year" ("Setor_ID_Server", "Year_ID_year", "CO2_Emission") FROM stdin;
2	1	105
2	2	107
2	3	112
2	4	113
2	5	117
2	6	107
2	7	111
2	8	114
2	9	111
2	10	122
2	11	122
2	12	131
2	13	134
2	14	137
2	15	134
2	16	137
2	17	137
2	18	135
2	19	135
2	20	140
2	21	146
2	22	143
2	23	143
2	24	144
3	1	3037
3	2	3074
3	3	3074
3	4	3177
3	5	3253
3	6	3273
3	7	3252
3	8	3252
3	9	3325
3	10	3263
3	11	3334
3	12	3266
3	13	3231
3	14	3350
3	15	3292
3	16	3318
3	17	3350
3	18	3421
3	19	3434
3	20	3380
3	21	3323
3	22	3375
3	23	3386
3	24	3414
4	1	1942
4	2	1928
4	3	1962
4	4	2122
4	5	2133
4	6	2200
4	7	2257
4	8	2296
4	9	2293
4	10	2277
4	11	2397
4	12	2413
4	13	2463
4	14	2504
4	15	2467
4	16	2538
4	17	2453
4	18	2514
4	19	2577
4	20	2710
4	21	2551
4	22	2621
4	23	2619
4	24	2666
5	1	3875
5	2	3898
5	3	3892
5	4	4077
5	5	4509
5	6	4926
5	7	5168
5	8	5441
5	9	5557
5	10	5545
5	11	6089
5	12	6317
5	13	6336
5	14	6364
5	15	6428
5	16	6292
5	17	6150
5	18	6078
5	19	6213
5	20	6250
5	21	6194
5	22	6341
5	23	6224
5	24	6407
6	1	9376
6	2	9580
6	3	9719
6	4	10275
6	5	10652
6	6	10999
6	7	11429
6	8	11922
6	9	11922
6	10	11736
6	11	12522
6	12	13126
6	13	13404
6	14	13643
6	15	13701
6	16	13402
6	17	13457
6	18	13771
6	19	14217
6	20	14088
6	21	13593
6	22	14655
6	23	14693
6	24	14924
7	1	1595
7	2	1620
7	3	1699
7	4	1790
7	5	1901
7	6	2015
7	7	2172
7	8	2322
7	9	2333
7	10	2327
7	11	2504
7	12	2655
7	13	2741
7	14	2824
7	15	2886
7	16	2858
7	17	2973
7	18	3032
7	19	3106
7	20	3198
7	21	3236
7	22	3332
7	23	3220
7	24	3213
8	1	5781
8	2	5810
8	3	5962
8	4	6087
8	5	6369
8	6	6510
8	7	6662
8	8	6870
8	9	6874
8	10	6735
8	11	7020
8	12	7136
8	13	7196
8	14	7381
8	15	7504
8	16	7738
8	17	7887
8	18	8079
8	19	8274
8	20	8282
8	21	7093
8	22	7635
8	23	7944
8	24	8239
9	1	15
9	2	15
9	3	14
9	4	16
9	5	15
9	6	14
9	7	15
9	8	15
9	9	16
9	10	15
9	11	16
9	12	16
9	13	16
9	14	18
9	15	16
9	16	17
9	17	17
9	18	17
9	19	18
9	20	18
9	21	18
9	22	18
9	23	18
9	24	18
\.


--
-- TOC entry 4926 (class 0 OID 16525)
-- Dependencies: 220
-- Data for Name: Year; Type: TABLE DATA; Schema: public; Owner: postgres
--

COPY public."Year" ("ID_year", year) FROM stdin;
1	2000
2	2001
3	2002
4	2003
5	2004
6	2005
7	2006
8	2007
9	2008
10	2009
11	2010
12	2011
13	2012
14	2013
15	2014
16	2015
17	2016
18	2017
19	2018
20	2019
21	2020
22	2021
23	2022
24	2023
25	2024
26	2025
\.


--
-- TOC entry 4945 (class 0 OID 0)
-- Dependencies: 229
-- Name: Country_ID_Country_seq; Type: SEQUENCE SET; Schema: public; Owner: postgres
--

SELECT pg_catalog.setval('public."Country_ID_Country_seq"', 217, true);


--
-- TOC entry 4946 (class 0 OID 0)
-- Dependencies: 233
-- Name: IDH_ID_IDH_seq; Type: SEQUENCE SET; Schema: public; Owner: postgres
--

SELECT pg_catalog.setval('public."IDH_ID_IDH_seq"', 1, false);


--
-- TOC entry 4947 (class 0 OID 0)
-- Dependencies: 231
-- Name: Power Source_ID_Power_seq; Type: SEQUENCE SET; Schema: public; Owner: postgres
--

SELECT pg_catalog.setval('public."Power Source_ID_Power_seq"', 9, true);


--
-- TOC entry 4948 (class 0 OID 0)
-- Dependencies: 232
-- Name: Setor_ID_Server_seq; Type: SEQUENCE SET; Schema: public; Owner: postgres
--

SELECT pg_catalog.setval('public."Setor_ID_Server_seq"', 9, true);


--
-- TOC entry 4949 (class 0 OID 0)
-- Dependencies: 230
-- Name: Year_ID_year_seq; Type: SEQUENCE SET; Schema: public; Owner: postgres
--

SELECT pg_catalog.setval('public."Year_ID_year_seq"', 26, true);


-- Completed on 2025-04-28 11:06:10

--
-- PostgreSQL database dump complete
--

